pdb_id,kappa_h,kappa_s,dsdh,vij_official
10MH,0.08629803004524376,0.27313002134481607,0.5206411956066627,0.08629803004524376
173D,0.09855691155062953,0.2048241080718859,0.5806267968995418,0.09855691155062953
1A1F,0.11553373261342487,0.2388985897452094,0.6638329075682019,0.11553373261342487
1A1J,0.11888121509866452,0.24978293727949485,0.6467125535781202,0.11888121509866452
1A1L,0.11927951045011671,0.2459241530329191,0.6430797972267537,0.11927951045011671
1A35,0.1410528058806022,0.23388268540118243,0.7605452938066052,0.1410528058806022
1A73,0.09895790423997429,0.30801979512755484,0.5858600399368704,0.09895790423997429
1AHD,0.08788521366944647,0.4482131094564672,0.44827447453872626,0.08788521366944647
1AIS,0.10120989112528206,0.6543340337026793,0.5105636221044815,0.10120989112528206
1AM9,0.10034704124893609,0.3426243671991585,0.5455765599318995,0.10034704124893609
1AOI,0.31105719289360656,0.7476422814190196,1.1776028911013854,0.31105719289360656
1AZ0,0.10252602589927312,0.36962793009375977,0.6155989398492481,0.10252602589927312
1AZP,0.06555289728189241,0.5325976317842666,0.4003858541152367,0.06555289728189241
1B72,0.12609082029921265,0.33072867140927154,0.6434722479126509,0.12609082029921265
1B8I,0.10866685504167178,0.4957373708926641,0.5448957572905814,0.10866685504167178
1B94,0.10495407560516928,0.3915687769701564,0.6119464413912997,0.10495407560516928
1B96,0.1091992112879587,0.4454178083538548,0.6122495896403097,0.1091992112879587
1BBX,0.04160505826625431,0.5063635220268753,0.2810137557634642,0.04160505826625431
1BC7,0.08488962042627676,0.24028162815923673,0.6012200392357003,0.08488962042627676
1BF4,0.05794075235732989,0.5838795341068725,0.3624879998587567,0.05794075235732989
1BGB,0.08755421960665118,0.544451604423321,0.6413352676667955,0.08755421960665118
1BHM,0.10462077274380711,0.24556607648717552,0.5836004050472227,0.10462077274380711
1BNK,0.07205623597311109,0.5909041313084196,0.5542486458047743,0.07205623597311109
1BNZ,0.056970450070546685,0.8517510449793579,0.3926987334669987,0.056970450070546685
1BPX,0.09910315191792415,0.5124355938990396,0.5880748605785143,0.09910315191792415
1BSS,0.10740363115533011,0.33934101878813605,0.6013533389051671,0.10740363115533011
1BY4,0.07623218317604358,0.46136381229736956,0.41604743444027176,0.07623218317604358
1C7U,0.08544843611525052,0.332899008417909,0.4996073904750959,0.08544843611525052
1C8C,0.0608077480576177,0.4958592962935645,0.3748241425738912,0.0608077480576177
1CA5,0.061577086782897604,0.43288632021919665,0.3875548025327262,0.061577086782897604
1CDW,0.15264950953849044,0.8680256435553053,0.5378435299666243,0.15264950953849044
1CF7,0.10923107713286324,0.3219636947415871,0.5921226457411836,0.10923107713286324
1CGP,0.08894042141731551,0.5424307080393509,0.47803114279218145,0.08894042141731551
1CJG,0.11835974730109503,0.6737634694157696,0.6065094498903176,0.11835974730109503
1CMA,0.08819505621605944,0.4781701558019979,0.3288519234855018,0.08819505621605944
1CO0,0.12888977582237898,0.5144076971728566,0.6017280370332674,0.12888977582237898
1CQT,0.1744058701078933,0.8678829800628214,0.5586757915299826,0.1744058701078933
1D02,0.07830639669872216,0.35516409404573107,0.46816035422062197,0.07830639669872216
1D0E,0.11980013371430612,3.217802903642776,0.4386115530219492,0.11980013371430612
1D1U,0.08633913500684359,0.5423412123679785,0.5136982209308399,0.08633913500684359
1D2I,0.12076466945997213,0.31904522442699856,0.6106915209615195,0.12076466945997213
1D3U,0.12592241014753927,0.5258185253236612,0.5774289277161024,0.12592241014753927
1D66,0.10938997991625007,0.29886873719282986,0.6132320701820562,0.10938997991625007
1DE9,0.04770348346936577,0.17206330086917285,0.3076326291561882,0.04770348346936577
1DH3,0.10302357895903562,0.4137389878700264,0.5410696158880764,0.10302357895903562
1DIZ,0.07453191244755918,1.3399174026951375,0.5026201672704688,0.07453191244755918
1DNK,0.07552607684326854,0.76766860986978,0.42889133710838334,0.07552607684326854
1DSD,0.045168545392609734,2.4191900021013493,0.26363307099477984,0.045168545392609734
1DSZ,0.10611758397193621,0.27469991749815886,0.5979016863774004,0.10611758397193621
1DUX,0.09821489211206173,1.0732079936924717,0.4881963993353367,0.09821489211206173
1EBM,0.11053250912537045,2.942843180618283,0.5099858809896034,0.11053250912537045
1ECR,0.10469466507826118,0.30518411154603775,0.5973130919720089,0.10469466507826118
1EFA,0.11402385639533343,0.46204366633603755,0.5417434686186906,0.11402385639533343
1EJ9,0.1418397621535912,0.24233331039730746,0.7503993178930232,0.1418397621535912
1EMH,0.10029312043279377,0.39807682848155623,0.49648433953558896,0.10029312043279377
1EMJ,0.09500849405917784,0.328895190427895,0.48280533627326166,0.09500849405917784
1EO4,0.09454020312148467,0.5395581857523086,0.6026737193816015,0.09454020312148467
1EON,0.10119524356726986,0.4190464234939447,0.5956253324497558,0.10119524356726986
1EOP,0.0802534329047292,0.35046434877678617,0.6946972127159059,0.0802534329047292
1EWN,0.08284460321704012,2.1889639952397753,0.5367862742366226,0.08284460321704012
1EYG,0.11495642063604244,3.05187894139904,0.4356401593855622,0.11495642063604244
1F0O,0.10668836569020067,0.2973091244555648,0.5988115156771985,0.10668836569020067
1F2I,0.12422859118109304,4.984632591678717,0.4723830288428064,0.12422859118109304
1F5T,0.10444031932750088,0.3263515395328905,0.596813285482404,0.10444031932750088
1F66,0.2971314533914206,1.7327587085492613,1.1052599907837448,0.2971314533914206
1FJA,0.05234818925623452,1.188236934308908,0.2546713428369823,0.05234818925623452
1FJX,0.08991311155320947,0.34421798905312484,0.501371614025529,0.08991311155320947
1FOK,0.11373155883444072,1.128311542730405,0.5661056003765582,0.11373155883444072
1FW6,0.10639280408225586,1.7809766689324165,0.47393806106478176,0.10639280408225586
1FYM,0.09155230897067464,1.2833421728768015,0.48887957620850786,0.09155230897067464
1G2F,0.09291513655772132,0.15524301699096235,0.565698143904867,0.09291513655772132
1G3X,0.07291119841648974,0.9930857942174889,0.3890822046390889,0.07291119841648974
1G9Z,0.08174067158647921,0.4192569706440339,0.44034998243912765,0.08174067158647921
1GA5,0.10554222909290296,0.5304066009210334,0.5878776040367893,0.10554222909290296
1GAT,0.08400657523885514,0.4436097304574342,0.4195084840554718,0.08400657523885514
1GAU,0.08797274530694461,0.4269658457448715,0.44283624969923807,0.08797274530694461
1HI0,0.0009511147718232355,11.935639892664248,0.003180314182976018,0.0009511147718232355
1HLO,0.08015441978022408,0.24524997581966979,0.575118517440508,0.08015441978022408
1HLV,0.13015531596607935,0.29836097537160533,0.6750257193203212,0.13015531596607935
1HRZ,0.04417730182120083,0.9558549558731053,0.34031866473950767,0.04417730182120083
1HU0,0.11484433535104485,6.539033218037412,0.5026225106361423,0.11484433535104485
1HUO,0.06944005501882937,1.4582521700920315,0.285822278695399,0.06944005501882937
1HWT,0.12112394507897072,0.19488177813583202,0.7494248603436887,0.12112394507897072
1I3J,0.10932799388633459,0.3386937961990188,0.5815712500301651,0.10932799388633459
1I3W,0.06980902437429218,0.5067497566032299,0.3677980007443243,0.06980902437429218
1I8M,0.00761523947200174,0.10149647070298773,0.09569477687185322,0.00761523947200174
1IAW,0.08908392202252202,56.056029105872064,0.5699258549218993,0.08908392202252202
1IF1,0.07388244227513163,0.5104452316865291,0.3766973627724621,0.07388244227513163
1IG7,0.10416516702465795,0.21663045211522097,0.6327443736505205,0.10416516702465795
1IHF,0.14766300822850792,0.40915431786520934,0.8928186034424133,0.14766300822850792
1IJS,0.025436586444855896,2.826623197444241,0.1250479484575776,0.025436586444855896
1IPP,0.12678782232921657,0.6289695600910353,0.6860240247356894,0.12678782232921657
1IU3,0.07980886463929358,0.9315307268078925,0.3975580232219146,0.07980886463929358
1IV6,0.13466350869271362,0.21433136341035905,0.7292874069658493,0.13466350869271362
1J3E,0.09802465220734542,0.3020519205317515,0.5348441987876885,0.09802465220734542
1J46,0.09017004038667646,0.47189356153242246,0.542796963709275,0.09017004038667646
1J47,0.07683779918242711,0.3809042854292705,0.500045442136133,0.07683779918242711
1J5N,0.07897683151889653,0.716287614277193,0.4763416193503312,0.07897683151889653
1JB7,0.04646266383951945,4.399041011883649,0.2239844106186722,0.04646266383951945
1JEY,0.11485813970892324,1.0149948588125781,0.5538858785977155,0.11485813970892324
1JFI,0.07898263101750874,1.1395969690883645,0.4615910524409082,0.07898263101750874
1JGG,0.10445936227127438,0.27533069371717905,0.6083375094122871,0.10445936227127438
1JJ6,0.11370816605767149,0.4292646065801233,0.5384349642503724,0.11370816605767149
1JKO,0.10465523468456668,0.4298306492275061,0.5119891820209578,0.10465523468456668
1JKP,0.11313620217651818,0.4135724588449122,0.5479356707807606,0.11313620217651818
1JKR,0.11291835265252455,0.4286134649634771,0.5393917735458806,0.11291835265252455
1JNM,0.10145899724103413,0.2646840224677353,0.5932561003877401,0.10145899724103413
1JWL,0.10363603260136993,0.9006013832685986,0.4590151564092407,0.10363603260136993
1K3W,0.07843133542762848,6.884761285008081,0.5830492604146549,0.07843133542762848
1K4T,0.08726686434986947,0.3128142805898683,0.49637957605979793,0.08726686434986947
1K61,0.13160362822905977,0.25296524464860154,0.6959177655283306,0.13160362822905977
1K78,0.08812271454939292,0.595637831667537,0.46863927140494116,0.08812271454939292
1K82,0.0926659749600762,0.49669080643100616,0.5167645338393865,0.0926659749600762
1K8G,0.0010515640811103208,0.4286673113732598,0.04681578948969883,0.0010515640811103208
1KBU,0.23819518170138532,0.5870004479837307,0.9193192238424946,0.23819518170138532
1KU7,0.10538103868401197,0.2873027015620956,0.5817724143707842,0.10538103868401197
1KX3,0.3219089802109888,0.5838245469913002,1.222377790732313,0.3219089802109888
1KX4,0.3031350285060107,0.6377082528836798,1.1744726293712875,0.3031350285060107
1KX5,0.32344471536560676,0.4882285742949688,1.2003558748704886,0.32344471536560676
1L1T,0.0955934091964804,0.25934041549755765,0.6368299895584438,0.0955934091964804
1L1Z,0.09521576025515473,0.2479285093645326,0.6481524944951007,0.09521576025515473
1L2B,0.10468455771430708,0.4044245020779255,0.5651442618937212,0.10468455771430708
1L3S,0.10652707574382066,0.6638295828557251,0.6256557987904717,0.10652707574382066
1L3T,0.08797053142881016,0.268993750726912,0.5750523340750042,0.08797053142881016
1L3U,0.09198350397043627,0.23401089017651105,0.5942486381147182,0.09198350397043627
1L3V,0.1078796305535205,0.22232581262559645,0.6433469315898486,0.1078796305535205
1L5U,0.10093072239587882,0.20759155312424488,0.6254279284094182,0.10093072239587882
1LB2,0.1257426752198309,0.6075379849911009,0.6312502244196999,0.1257426752198309
1LBG,0.11712723235235585,0.30901118186792215,0.6273343563877568,0.11712723235235585
1LCD,0.09864851217839625,0.2851015213124039,0.5624531206772858,0.09864851217839625
1LE8,0.13480543646446697,0.3281136258977533,0.7277265188039529,0.13480543646446697
1LE9,0.1074608134777593,0.6888076521256105,0.4261049407372112,0.1074608134777593
1LFU,0.1083434763904425,0.37595448597342407,0.5586831955146845,0.1083434763904425
1LLI,0.10969893253159928,0.3185520479868867,0.5901191146454409,0.10969893253159928
1LO1,0.11301427438440473,0.26047055797308055,0.6309709433457981,0.11301427438440473
1LPQ,0.14611471638502263,0.2306065611076542,0.7780149684317172,0.14611471638502263
1LQ1,0.09442125076235379,0.4117519554020153,0.47785486076933326,0.09442125076235379
1LWT,0.1284839935664344,0.7690012849233553,0.7010139912366183,0.1284839935664344
1LWY,0.10608047384783022,1.853174574693796,0.48038276027946003,0.10608047384783022
1M18,0.28399440752754446,1.4438195075601072,1.019188337562259,0.28399440752754446
1M5R,0.08000965083149407,7.461701808133373,0.5038396619961399,0.08000965083149407
1M6X,0.10284741272312684,1.2700351079899912,0.4069523776674252,0.10284741272312684
1MA7,0.16265391534531748,1.2239656679958784,0.7541302650709091,0.16265391534531748
1MEY,0.08827619037959036,0.3825844285148316,0.4675725561208885,0.08827619037959036
1MHD,0.09725307735674142,0.26192118585155333,0.5580152465650038,0.09725307735674142
1MHT,0.08871987840812846,0.32124720840499776,0.5056525773595991,0.08871987840812846
1MJM,0.08816203358379154,0.2621798855510077,0.6017186842305075,0.08816203358379154
1MJO,0.12740697689258004,0.27730634530448706,0.7031597846839026,0.12740697689258004
1MJP,0.09186755607882936,0.3113876531745816,0.5743924326863502,0.09186755607882936
1MJQ,0.16372510884148184,1.2727538617307899,0.7002094829768357,0.16372510884148184
1MNN,0.11335048978114795,0.3763438768615024,0.5812334663083873,0.11335048978114795
1MSW,0.10355287214489482,0.5779100335034375,0.6044921046829647,0.10355287214489482
1MUS,0.12077982322576075,1.0683078308847678,0.649175798238522,0.12077982322576075
1MW8,0.03413605481138544,0.12846310554966467,0.1954321162197849,0.03413605481138544
1N3E,0.07199576084851499,0.47716702486421675,0.3983549077207434,0.07199576084851499
1N3F,0.07857152504884317,0.6785150939544229,0.391424375037053,0.07857152504884317
1N48,0.1131193317870684,0.45744606540273175,0.5834951017971539,0.1131193317870684
1N6J,0.12461934964342826,0.26314527951534034,0.6588052002763058,0.12461934964342826
1N6Q,0.1178121624275953,0.30434760778126024,0.6349142860552942,0.1178121624275953
1NFK,0.11324051053365888,0.36472173509169903,0.5739073428742526,0.11324051053365888
1NJW,0.08189899706510576,0.22814042131875384,0.594920229937799,0.08189899706510576
1NJZ,0.07954164698945188,0.25802018415906036,0.5781169258429376,0.07954164698945188
1NK3,0.09738623660484971,0.3303028277561139,0.5380187229680997,0.09738623660484971
1NK4,0.06472752726455397,0.32999303800578167,0.5064547230776864,0.06472752726455397
1NK5,0.10535065314180633,0.33395730453120115,0.5772235234109748,0.10535065314180633
1NK7,0.07549841218848806,0.26002885736791753,0.5887970510793619,0.07549841218848806
1NK9,0.09430924458264754,0.23775499347353468,0.5877162183266178,0.09430924458264754
1NLW,0.1675686585316759,1.3450147160885026,0.6941906987009198,0.1675686585316759
1NNE,0.1036125349625027,0.5276014488185437,0.48207991549550533,0.1036125349625027
1NNJ,0.12839506795052133,2.1366652050992645,0.5333615434006452,0.12839506795052133
1NWQ,0.12049345776643561,0.33960229706963163,0.6289358484830152,0.12049345776643561
1NZB,0.15699441826459057,0.6663473168938067,0.7839225633412861,0.15699441826459057
1O3T,0.10535308133563723,0.5386947819653657,0.591336054756645,0.10535308133563723
1O4X,0.10625837317493167,0.3574281358222252,0.6099540011161516,0.10625837317493167
1OCT,0.10835718629440465,0.3319124071927753,0.5773135940475773,0.10835718629440465
1OSB,0.0029386455884781826,0.08532701591411834,0.1378342454385243,0.0029386455884781826
1OSL,0.10925350870194062,0.2697640762337212,0.6205992604124929,0.10925350870194062
1OUP,0.05205143643375006,1.7018132557559467,0.23585953384673317,0.05205143643375006
1OWF,0.15303519206756125,1.1311060706855833,0.8913739244716582,0.15303519206756125
1P34,0.30587068320918886,0.7363527931183197,1.1664908269009984,0.30587068320918886
1P3B,0.30189087464287123,0.47036028487073867,1.1604837912767643,0.30189087464287123
1P3G,0.3078224649289502,0.5396209527589902,1.1649718970063996,0.3078224649289502
1P3I,0.3100453684661311,0.6568602623047738,1.1884711115762068,0.3100453684661311
1P3L,0.31572965645010065,0.5336786910863685,1.1987183852444407,0.31572965645010065
1P3M,0.31237886049048075,0.645416863511682,1.1900551400119248,0.31237886049048075
1P3O,0.30171095033274414,0.7370935768041691,1.1422552862367086,0.30171095033274414
1P4E,0.09715718068379481,0.8591777726463268,0.36929396331055236,0.09715718068379481
1P59,0.07514941948095058,0.5180961206622879,0.5118265752666927,0.07514941948095058
1P7D,0.14207326585173402,0.5034437217586966,0.6763943334464674,0.14207326585173402
1P7H,0.10623173996997663,0.36663751668097666,0.5134448622253996,0.10623173996997663
1P8K,0.07549797015837226,0.44618015650670967,0.43556754897113,0.07549797015837226
1PER,0.1356808443258106,0.31563467496040054,0.7020256421255996,0.1356808443258106
1PH4,0.047285256988058966,5.435671010026313,0.2264748142324958,0.047285256988058966
1PH6,0.041499154736182556,2.482122295168796,0.20678551564519856,0.041499154736182556
1PH7,0.04191471958394539,4.429315879564981,0.20264118001438994,0.04191471958394539
1PJI,0.1313721534530603,1.4083671038356804,0.5404031779320719,0.1313721534530603
1PJJ,0.12069980929423378,2.4816437354247123,0.5512175298377169,0.12069980929423378
1PM5,0.1239649087096982,2.187955573075765,0.5549148878690027,0.1239649087096982
1PT3,0.05060901591059999,0.8835487724123987,0.3124347152556508,0.05060901591059999
1PUE,0.11441006319644813,0.45558308144012954,0.6075511766828678,0.11441006319644813
