pdb_id,vij_mean,vij_max,vij_std,shambhian_mean,shambhian_max,shambhian_std,mamton_mean,mamton_max,mamton_std,len_h,cluster
10MH,0.0862980300452441,0.1612907720033398,0.0379332461907377,0.998998391182041,0.9997045749248716,0.000451227325545,63.06071645035355,113.11755063502744,25.480990327766328,41.03914959749511,3.0
173D,0.0985569115506295,0.208269361469599,0.0486746332405546,0.943523270061164,0.9979294580576068,0.0631637186185281,149.6745454164928,407.6716415349797,124.19584134309632,34.713938185819515,3.0
1A1F,0.1155337326134248,0.1794107300128949,0.0376219720154499,0.9921135756759952,0.9976439580793396,0.0035063812819337,98.94820635826798,183.8527659897129,33.51342342086409,31.80036983574666,0.0
1A1J,0.1188812150986649,0.1870965515900001,0.0348447260231474,0.9933707723320168,0.9981937288346596,0.0032209375380931,78.93829602490071,122.90907579710036,23.48121975260563,32.127379590955854,0.0
1A1L,0.119279510450116,0.1892166348255359,0.0389879053682532,0.9930421774008708,0.9976634481120668,0.0032341166174345,84.84870691790397,118.08017303981318,19.588961558825357,31.46165133373005,0.0
1A35,0.1410528058806023,0.1894851517949641,0.0350286997339572,0.9803327575110684,0.991653015603634,0.0091938659915588,72.24058166096016,115.68911509336054,18.695540287484533,68.23830360402619,0.0
1A73,0.0989579042399742,0.1860519255344161,0.0355198925230994,0.9891753721387008,0.9953497718922268,0.0049561677528579,196.1937495959947,357.475051881626,105.60337862247312,40.013822008944494,0.0
1AHD,0.0878852136694464,0.1689137985064409,0.0391547896185104,0.7101573010735892,0.9380481114593906,0.1584322150710443,94.3768562984294,169.6750744925731,47.14460371638279,42.87709939722632,2.0
1AIS,0.1012098911252818,0.2513979261607325,0.0604188997817034,0.997598154482832,0.9992163239405666,0.0010381750562702,230.31481932665895,687.1506970395802,166.30789557661382,49.62119758900114,0.0
1AM9,0.100347041248936,0.1469377369408933,0.0260677294394192,0.998342434819594,0.9993708903897338,0.0008752461640987,65.51130950846778,99.77514467648044,18.086982781363712,38.179709043472485,0.0
1AOI,0.3110571928936064,0.8151616212682239,0.2019467267850791,0.9882937337145404,0.9924807252430384,0.0026095292489588,26291.448120233523,80807.47460419552,24712.70525703537,98.6903601811158,1.0
1AZ0,0.1025260258992731,0.2619828946005549,0.0530947529281651,0.8573691885764804,0.9499069851834874,0.1510557549833908,142.30166507350947,302.5017115683097,69.08916320516246,31.620201803283056,2.0
1AZP,0.0655528972818923,0.2029487744156038,0.051873055239171,0.9574794243832024,0.9817402485767062,0.0128331948498386,92.416096064841,282.51569371570804,80.30083915190394,27.46862865298141,3.0
1B72,0.1260908202992126,0.1743239801106731,0.0329653219627649,0.9713317422137308,0.9935209461695964,0.014268694654755,68.19198110626229,149.5365629564939,30.258470126671003,64.82299538242708,0.0
1B8I,0.1086668550416717,0.1909114272903259,0.0445753992032324,0.9894076936667048,0.9957424013098484,0.0044184014356853,54.11397752046315,116.06630916562932,27.05151074594338,54.94424769351391,0.0
1B94,0.1049540756051692,0.2771463119941421,0.0605800151846172,0.8593824593092172,0.942918619288826,0.1210794912772324,141.1595641432423,328.0360026114505,78.50800165808303,31.804037836577777,2.0
1B96,0.1091992112879587,0.2750979287806808,0.0608855343203502,0.8572698958974605,0.9440205073637788,0.1275819088950171,140.86985014174283,338.14618007279864,83.09246060330948,31.67620618087375,2.0
1BBX,0.0416050582662543,0.0935687155612794,0.0240176769863232,0.8800405500576193,0.9546934953258028,0.0432204702986893,44.41742782456745,98.51469120171586,26.92989104006315,47.8891469420008,2.0
1BC7,0.0848896204262767,0.2099712263722299,0.0616852268041897,0.9550625923762212,0.9797681248044354,0.0247963566842539,161.37241238273467,370.1213229220792,81.37911141066267,35.6124576808722,3.0
1BF4,0.0579407523573299,0.1882031085674397,0.0509577772804277,0.982661052769728,0.9909337764198284,0.0052047332555806,99.16926585038324,320.54817661012737,94.48919437562594,28.35555823397644,3.0
1BGB,0.0875542196066509,0.3426932126338069,0.0836622149770029,0.8483935019011736,0.962483262101207,0.1546192469523634,190.71260417129665,420.8158602679549,103.15168796894656,31.60150327653468,2.0
1BHM,0.1046207727438076,0.165061700517355,0.032552793218718,0.9974892783407232,0.9991115726098304,0.0010109631500145,73.10220872664895,200.42760241275167,40.77761685757583,37.28205752756809,0.0
1BNK,0.072056235973111,0.1565008294219997,0.0327188215381161,0.9796962513652582,0.98953534094657,0.007730857846173,63.16601833936407,142.21768338459034,35.869852206311776,42.37049023178434,3.0
1BNZ,0.0569704500705466,0.2558312585614772,0.0645597683986257,0.9770723864888275,0.9937390893461272,0.0139225771292507,101.11415982058833,404.27664759424056,118.2261885167252,29.567790695755452,3.0
1BPX,0.0991031519179241,0.2709888739998187,0.0730057853471267,0.969413700556059,0.993837631246128,0.0146103752030629,306.9874957377258,719.6846572447629,182.824014037502,45.07615909039895,3.0
1BSS,0.1074036311553301,0.2411383116143055,0.0481656156421475,0.8624131359446214,0.950827446004036,0.1448780674233755,147.9025127786387,287.8516458632757,69.14398232279812,32.18281542588562,2.0
1BY4,0.0762321831760436,0.1705838486569324,0.0555187686689661,0.9828616506172826,0.9919803031134669,0.0085957995984949,43.64250881052817,106.310883431554,25.65242233285576,68.32485936982553,3.0
1C7U,0.0854484361152505,0.1211349722841623,0.022166715916363,0.9947516481290568,0.9986786528353024,0.0024082871680075,59.71903568475066,109.85351842101616,27.154351588454624,70.17493892522045,3.0
1C8C,0.0608077480576177,0.1871558788729301,0.05050801881006,0.983116500064082,0.991701969737896,0.0051935147483599,96.02847667483628,319.9997959100464,95.95632658979004,27.942170412635623,3.0
1CA5,0.0615770867828976,0.2035734094063032,0.0538747920340194,0.9586637530752424,0.9783324353415084,0.0107512633831958,100.58664488485654,350.4411357222994,103.61172197768882,27.625323675676785,3.0
1CDW,0.1526495095384903,0.2743585454954698,0.0755937585325894,0.9815302821219436,0.9900052132839496,0.0050012446821355,373.2953175248442,1067.172484730717,304.8269753889808,37.76760217468987,0.0
1CF7,0.1092310771328632,0.1743024091647411,0.0395140427713184,0.9943709404719796,0.9973967718465248,0.0021125252533786,56.27911989183281,112.56754490923284,26.65075900435816,50.61211677091774,0.0
1CGP,0.0889404214173155,0.2840522631970962,0.0565822696046383,0.998043963760924,0.9996024091108192,0.0014897214664172,117.47486119352608,774.6071870883211,199.52514136236948,39.34383075566187,3.0
1CJG,0.118359747301095,0.208143310294292,0.0493081925116504,0.9914881615755634,0.9965106958311872,0.0039606615038897,138.8590431728332,279.69054487007185,65.47686699422044,69.92072955207155,0.0
1CMA,0.0881950562160601,0.2876260243238798,0.0876896100321695,0.9925392227714804,0.9976041426409415,0.0028569592484331,594.8583449257382,1910.105899146003,624.9277167988123,36.88918967905656,3.0
1CO0,0.1288897758223789,0.2156006320259192,0.0492434506125004,0.9394843732219444,0.9802095274626308,0.0297857656377361,98.01147981312364,283.0167669878073,65.81440964015772,63.88931829733368,0.0
1CQT,0.1744058701078933,0.4742324958424125,0.1512526686740445,0.986337735076314,0.9956461626946552,0.0048241532330739,1049.2660651498893,3035.8618964266475,986.5076695513104,40.01318571098782,0.0
1D02,0.0783063966987224,0.1623551027404234,0.0371698017847061,0.9953283773364618,0.998878445863297,0.0021329807315322,40.06821984374452,61.03168419044248,15.625372221057184,35.49192487251662,3.0
1D0E,0.119800133714306,0.2730769005287235,0.066089347091543,0.992360033085963,0.9954735846884304,0.0027066985256333,170.17865741177874,327.481457622559,77.75312142111979,36.20253914322171,0.0
1D1U,0.0863391350068435,0.1774248305615661,0.0343743098459019,0.972206496393856,0.9930280885398594,0.0180907622185637,75.65862331972426,126.41045877024136,32.97342058120292,31.07870956750728,3.0
1D2I,0.1207646694599721,0.1905669003690385,0.0344878084200892,0.9907595539083938,0.9964681589042746,0.0047460360306465,79.37394815250707,122.4003851552503,22.13243351846192,50.87948483969312,0.0
1D3U,0.1259224101475393,0.2862558210878592,0.0784191157727115,0.9966397873809216,0.999192710424194,0.0013062622282629,355.5930427349406,1273.6940666212158,283.9573562066324,66.17273952500736,0.0
1D66,0.10938997991625,0.2091806533663396,0.0409642581346904,0.9919691939124674,0.9964192668526825,0.0032658300582409,57.36729987610279,116.46583338912478,26.60534653771797,60.87195572266533,0.0
1DE9,0.0477034834693658,0.1050717273562102,0.0331614335257894,0.993316005172036,0.9978769518359584,0.0029928902044023,108.91304864703454,183.87740656746016,48.68210454256903,25.186941565178024,3.0
1DH3,0.1030235789590355,0.1702677511680525,0.0298178413984993,0.9979933935701202,0.9990658167832728,0.0007638366097333,49.743216563619576,90.1185550617286,18.019735178301065,71.66209790839233,0.0
1DIZ,0.0745319124475592,0.2922882586858685,0.0716405893892633,0.9983858569157408,0.9997177824370668,0.0011599073815303,342.0706825946891,1602.4056451516503,411.5982295688095,49.88185273318105,3.0
1DNK,0.0755260768432679,0.190684776084043,0.0558024069915949,0.9954227978669709,0.9971346822788336,0.0014763987337843,112.54819412262394,326.1796498008582,89.99425169712677,24.51466235424501,3.0
1DSD,0.0451685453926096,0.1052826548115125,0.0283036084767444,0.9192696835589392,0.9839194580546532,0.0544269988599539,26.4617511974101,70.93871694400679,20.768701762770583,27.145469229174896,3.0
1DSZ,0.1061175839719362,0.1669657802056624,0.0321757735019319,0.9765505789268424,0.9886643677937956,0.0110624733962253,47.99971348762218,74.81260307074479,13.118171447089177,47.76204836886031,0.0
1DUX,0.0982148921120617,0.3278289468404554,0.0959532635995966,0.9661305159315474,0.9882986219032206,0.0265759431069478,408.045198324268,1531.7855524465945,481.3498558058228,47.02448946205942,3.0
1EBM,0.1105325091253705,0.2340065451725125,0.0587555415219044,0.9958831602540944,0.9987305206147368,0.00165161774589,153.16200590690235,473.7186486269281,103.95973181262792,47.130404615417966,0.0
1ECR,0.1046946650782612,0.1932038963487195,0.0431068744876177,0.9834245375774848,0.9973907321848162,0.0088301530606024,81.55655919325802,263.1178275567975,60.74093682562575,51.0683647276487,0.0
1EFA,0.1140238563953335,0.1988005031771589,0.0471335206861993,0.9971382641411414,0.9994498227393444,0.0014707866756171,119.22682212610876,229.89998909560975,51.26744674397526,55.60624596556575,0.0
1EJ9,0.1418397621535911,0.185922748866269,0.0342383653671648,0.8687726618107187,0.9349394582229188,0.10552943276267,68.81642607896538,98.43045710077084,19.90986555883297,69.63489605198569,2.0
1EMH,0.1002931204327937,0.2288024207663192,0.0617900365554403,0.9485543771257574,0.9802728916923864,0.0187408368014095,137.99407330256744,406.6163496606874,107.76158612670169,31.594361231546443,3.0
1EMJ,0.0950084940591778,0.241897064227921,0.0674195825477766,0.9504692655848168,0.980014215834581,0.0170924334755998,145.53725991081464,442.8067348260234,120.67538787382252,32.52661432671788,3.0
1EO4,0.0945402031214846,0.3319340638984029,0.0821459629058899,0.8363145861596727,0.9613830086706596,0.1627475140594542,180.90303502773807,431.56649036737787,111.41130092593237,28.669555645087847,2.0
1EON,0.1011952435672697,0.2781940417262341,0.0610357815325869,0.8613140598923943,0.9494379993001314,0.1394464548970259,145.20444454258853,349.19594949603567,84.36463843600556,31.676814725624787,2.0
1EOP,0.0802534329047292,0.3730516584888801,0.0914469205635397,0.981664894174488,0.9942539317559118,0.0062543750333938,217.35192396209848,438.185024734276,114.76472932665835,36.113036037941015,3.0
1EWN,0.0828446032170403,0.1527467570882382,0.02887018113686,0.9795059246963558,0.9896328094180578,0.0077297615529858,72.49100740725098,156.04553219909803,39.40166038718893,37.14331414747298,3.0
1EYG,0.1149564206360424,0.3288156988914804,0.0784154425652523,0.8686467036904204,0.9267166645262408,0.037033320477994,1426.8396458018744,5198.815754663543,1664.0369220697658,50.06034493518386,2.0
1F0O,0.1066883656902006,0.1480267740412931,0.0249371010457278,0.9816364403804462,0.9947062034793098,0.009810606039286,61.71424925366401,105.57554523679202,20.88947174241813,41.475760119772445,0.0
1F2I,0.124228591181093,0.4810729814413516,0.1309700994009544,0.9776460369102916,0.9969282115912536,0.0150285675125948,559.1160068249195,2226.750243554069,611.4197566600653,61.377548614058085,0.0
1F5T,0.1044403193275009,0.1554658466172134,0.0275246180822485,0.9979312322563448,0.9995163028330146,0.000885579222434,57.35480072472085,130.32155942238504,32.462383140144176,147.25953088546677,0.0
1F66,0.2971314533914206,0.7778762441076492,0.1947398252666159,0.8280490671907308,0.969491016405937,0.1481904407102047,26440.87491663776,73647.73668011317,23515.06559489128,97.30845068982212,1.0
