pdb_id,mean_epsilon,max_epsilon,std_epsilon,len_h
10MH,0.998998391182041,0.9997045749248715,0.00045122732554508076,41.03914959749511
173D,0.9435232700611641,0.9979294580576068,0.0631637186185281,34.713938185819515
1A1F,0.9921135756759952,0.9976439580793397,0.0035063812819337435,31.80036983574666
1A1J,0.9933707723320168,0.9981937288346595,0.0032209375380931873,32.127379590955854
1A1L,0.9930421774008708,0.9976634481120668,0.003234116617434567,31.46165133373005
1A35,0.9803327575110684,0.991653015603634,0.009193865991558841,68.23830360402619
1A73,0.9891753721387008,0.9953497718922267,0.004956167752857933,40.013822008944494
1AHD,0.7101573010735892,0.9380481114593906,0.15843221507104438,42.87709939722632
1AIS,0.997598154482832,0.9992163239405666,0.0010381750562702553,49.62119758900114
1AM9,0.998342434819594,0.9993708903897338,0.0008752461640987474,38.179709043472485
1AOI,0.9882937337145403,0.9924807252430383,0.0026095292489588247,98.69036018111579
1AZ0,0.8573691885764804,0.9499069851834874,0.15105575498339086,31.620201803283056
1AZP,0.9574794243832024,0.9817402485767062,0.012833194849838608,27.46862865298141
1B72,0.9713317422137308,0.9935209461695965,0.014268694654755049,64.82299538242708
1B8I,0.9894076936667047,0.9957424013098484,0.0044184014356853565,54.94424769351391
1B94,0.8593824593092172,0.9429186192888259,0.12107949127723248,31.804037836577777
1B96,0.8572698958974605,0.9440205073637788,0.12758190889501714,31.67620618087375
1BBX,0.8800405500576193,0.9546934953258027,0.04322047029868936,47.8891469420008
1BC7,0.9550625923762213,0.9797681248044354,0.024796356684253985,35.6124576808722
1BF4,0.982661052769728,0.9909337764198284,0.005204733255580615,28.35555823397644
1BGB,0.8483935019011736,0.962483262101207,0.15461924695236345,31.60150327653468
1BHM,0.9974892783407233,0.9991115726098303,0.00101096315001452,37.28205752756809
1BNK,0.9796962513652582,0.9895353409465699,0.007730857846173032,42.37049023178434
1BNZ,0.9770723864888277,0.9937390893461271,0.013922577129250747,29.567790695755455
1BPX,0.969413700556059,0.9938376312461279,0.014610375203062933,45.076159090398946
1BSS,0.8624131359446214,0.9508274460040359,0.14487806742337558,32.18281542588562
1BY4,0.9828616506172826,0.9919803031134667,0.00859579959849495,68.32485936982553
1C7U,0.9947516481290569,0.9986786528353023,0.002408287168007533,70.17493892522045
1C8C,0.9831165000640819,0.991701969737896,0.005193514748359917,27.942170412635626
1CA5,0.9586637530752425,0.9783324353415083,0.010751263383195887,27.625323675676782
1CDW,0.9815302821219436,0.9900052132839495,0.005001244682135586,37.76760217468987
1CF7,0.9943709404719797,0.9973967718465248,0.002112525253378671,50.61211677091774
1CGP,0.9980439637609239,0.9996024091108193,0.0014897214664172068,39.34383075566187
1CJG,0.9914881615755634,0.9965106958311872,0.00396066150388972,69.92072955207155
1CMA,0.9925392227714803,0.9976041426409417,0.002856959248433113,36.889189679056564
1CO0,0.9394843732219444,0.9802095274626308,0.029785765637736147,63.88931829733368
1CQT,0.9863377350763141,0.9956461626946553,0.004824153233073972,40.01318571098782
1D02,0.9953283773364618,0.998878445863297,0.002132980731532249,35.49192487251662
1D0E,0.992360033085963,0.9954735846884305,0.0027066985256333728,36.20253914322171
1D1U,0.9722064963938561,0.9930280885398594,0.01809076221856372,31.078709567507282
1D2I,0.9907595539083938,0.9964681589042746,0.004746036030646563,50.87948483969312
1D3U,0.9966397873809217,0.9991927104241941,0.0013062622282629564,66.17273952500736
1D66,0.9919691939124674,0.9964192668526825,0.0032658300582409346,60.871955722665334
1DE9,0.993316005172036,0.9978769518359583,0.0029928902044023256,25.186941565178024
1DH3,0.9979933935701202,0.9990658167832727,0.000763836609733338,71.66209790839233
1DIZ,0.9983858569157407,0.9997177824370667,0.0011599073815303242,49.88185273318105
1DNK,0.9954227978669707,0.9971346822788337,0.0014763987337843931,24.51466235424501
1DSD,0.9192696835589393,0.9839194580546533,0.05442699885995398,27.145469229174896
1DSZ,0.9765505789268425,0.9886643677937955,0.011062473396225394,47.762048368860306
1DUX,0.9661305159315474,0.9882986219032206,0.026575943106947827,47.02448946205942
1EBM,0.9958831602540945,0.9987305206147368,0.001651617745890043,47.130404615417966
1ECR,0.9834245375774848,0.9973907321848162,0.008830153060602431,51.0683647276487
1EFA,0.9971382641411414,0.9994498227393445,0.0014707866756171058,55.60624596556575
1EJ9,0.8687726618107187,0.9349394582229189,0.10552943276267006,69.63489605198569
1EMH,0.9485543771257574,0.9802728916923863,0.018740836801409578,31.594361231546443
1EMJ,0.9504692655848168,0.980014215834581,0.01709243347559985,32.526614326717876
1EO4,0.8363145861596727,0.9613830086706595,0.16274751405945426,28.669555645087847
1EON,0.8613140598923943,0.9494379993001314,0.13944645489702598,31.676814725624787
1EOP,0.981664894174488,0.9942539317559118,0.0062543750333938445,36.113036037941015
1EWN,0.9795059246963558,0.9896328094180578,0.007729761552985889,37.14331414747298
1EYG,0.8686467036904204,0.9267166645262408,0.03703332047799401,50.06034493518386
1F0O,0.9816364403804462,0.9947062034793098,0.009810606039286062,41.475760119772445
1F2I,0.9776460369102916,0.9969282115912536,0.015028567512594898,61.377548614058085
1F5T,0.9979312322563447,0.9995163028330146,0.0008855792224340929,147.25953088546675
1F66,0.8280490671907308,0.969491016405937,0.14819044071020476,97.30845068982211
1FJA,0.9646656963141342,0.9759213616226222,0.011281776700709343,29.85666097300065
1FJX,0.9990471713215606,0.9997024402607662,0.0004467297334793651,42.10411692722659
1FOK,0.9938515326640531,0.9970445697533545,0.0021067021961633696,67.85801949168325
1FW6,0.9995102969829104,0.9997401067580126,0.00014880450225747933,83.48263025616104
1FYM,0.7650501189707084,0.8973798062855757,0.1316081054026929,37.46510030039846
1G2F,0.9985757681062326,0.9998315532526212,0.0009189803114405275,72.3298599639834
1G3X,0.9909570227717792,0.9956575496234108,0.0030805574303567522,57.47924824005089
1G9Z,0.9980693516872071,0.9997499610285125,0.0014214773626977013,41.01014429228617
1GA5,0.8633179217129634,0.9928423506798163,0.09561842151366505,74.02301983407354
1GAT,0.87473703183009,0.9578693315943455,0.06945291309247656,26.923433227381555
1GAU,0.8755684853244307,0.9521647085356991,0.0645285393532005,25.711328260604688
1HI0,0.9181394349999786,0.9181801093951295,6.576757930481738e-05,15.066846425644833
1HLO,0.9900894536371454,0.9978368064036095,0.005150710883505103,36.5776160574935
1HLV,0.9761152020765783,0.9926660463055439,0.011158564997533931,61.0706304452821
1HRZ,0.6831838641872607,0.9508027644318879,0.21044157395646285,34.24040093169365
1HU0,0.9955127622846351,0.9980839479606659,0.0016097608333787738,46.43336761528752
1HUO,0.9956410789805852,0.9975910985531926,0.0008087690930723968,40.17707634309781
1HWT,0.9921931301121372,0.9988560024666754,0.006537078304768691,66.06323540233849
1I3J,0.9522588982679352,0.9835654499741852,0.024528740529190914,69.35708685025914
1I3W,0.981713078486463,0.9912684836704021,0.007261263424468486,38.73951375952302
1I8M,0.9998347305438539,0.999914438810319,2.9193082655416907e-05,21.115385197746022
1IAW,0.9540460053726119,0.9789446359298803,0.012546451877117767,37.203123145861134
1IF1,0.998075002838576,0.998921289996011,0.0004786976521147045,40.053368959270585
1IG7,0.8616980008675034,0.9385204604129562,0.09909370787894271,44.77823930012232
1IHF,0.9074315526495659,0.9882314561720786,0.11643873495900846,43.46562627037315
1IJS,0.9963375395602048,0.9986668352470217,0.0010931244481066304,19.037293535092033
1IPP,0.9942360308648869,0.9989322816845083,0.0037036790252961195,68.12251466853871
1IU3,0.9969181965212216,0.9989728320263658,0.0013414583032483737,51.67281392203481
1IV6,0.9169762706618988,0.9706651218202044,0.0585740934428898,38.03547405931849
1J3E,0.9851652787989736,0.9929344602447465,0.006400607680492764,30.014866041148345
1J46,0.8091231115585308,0.9148672860962641,0.06034828460276294,45.67920171890542
1J47,0.8203066678461272,0.9167086512999564,0.06813192583191806,47.70392338006742
1J5N,0.8304872457467473,0.9393746930582881,0.07190692084428661,52.421439770551046
1JB7,0.9971306079136806,0.9979194092373779,0.0006747576870995112,27.178750780169263
1JEY,0.9759208354067995,0.9915225243893748,0.01543754195775775,64.08337071568498
1JFI,0.996067338399733,0.9976676388801873,0.0009784688866663672,50.7337870941643
1JGG,0.9942220432587209,0.9968502556162284,0.002665353077312275,30.066288862367657
1JJ6,0.9803610150260028,0.9900760101919953,0.007839686476732064,43.427909187425854
1JKO,0.980973774407157,0.9907265214249842,0.007590237766937754,44.452679616643955
1JKP,0.9821058036221071,0.9903277061732161,0.007021594692989534,43.78380879345631
1JKR,0.9811736941405083,0.9904326640162019,0.007988859948145677,44.32451877651808
1JNM,0.9040108168946726,0.9634113552767087,0.06295132461723496,63.520677009484025
1JWL,0.9972327305373155,0.9985801295892986,0.0009207655130387216,43.23353778364874
1K3W,0.9981747621700549,0.9990870343191236,0.0004861972563785544,31.03517526483759
1K4T,0.9883323065016035,0.9990156719964078,0.013097370613679818,34.020423936711396
1K61,0.99244984460816,0.9970670100857784,0.003034848698443342,64.97712901482379
1K78,0.9853003096252724,0.9928506562616115,0.007434233162001827,101.00266192222843
1K82,0.990481676593176,0.9940897136460837,0.0029232855479513825,41.397730780773365
1K8G,0.9998101451266019,0.9998107727259379,5.693447483510513e-07,8.031937922167764
1KBU,0.9853684609901323,0.9973560190137714,0.010010580476444786,70.86489755479161
1KU7,0.9958514373876171,0.9985011706909394,0.0015320432203326777,34.57200670236335
1KX3,0.9884741286809124,0.9925915162822034,0.0027204956634099596,98.76589326143923
1KX4,0.995980977070142,0.9978627352825047,0.0008990439388059887,103.29159373801255
1KX5,0.9884917829402752,0.9929873718598418,0.0026482402195114707,98.68714261728115
1L1T,0.9948127924235642,0.9973740986868748,0.0010388887419156795,31.94097473355241
1L1Z,0.995053852162763,0.9973762637071817,0.0010088705094780568,32.49941412053314
1L2B,0.9956437256710197,0.9968393070886059,0.0011163416428577322,30.28606097527188
1L3S,0.9882488489767631,0.994884355896334,0.006141157169852195,30.48179134993871
1L3T,0.9944020408126987,0.9971966564441117,0.00255209474184702,35.80059655054319
1L3U,0.9936395780279532,0.9967558244152606,0.0025991476052328742,39.17556708906373
1L3V,0.9947226045347642,0.9980268652402596,0.0024270919730615933,51.46240664589353
1L5U,0.9925686155840341,0.9971105025202015,0.0035867615647180284,40.141978271829174
1LB2,0.9986926245110961,0.9995308216763331,0.0005139685296855122,74.44115334877048
1LBG,0.9671558100171599,0.9957961276315896,0.024236305276846788,73.31689929011137
1LCD,0.970290657418041,0.9868231040642849,0.010360469637352819,32.772666328050995
1LE8,0.7580568524208506,0.9142340992470289,0.11384282719371905,56.08874266309451
1LE9,0.9948157867151993,0.9974335358183515,0.0037933556027803573,44.140719936050196
1LFU,0.8899214889381158,0.9676643329470693,0.06673791676801198,46.6596311636615
1LLI,0.6610533875004257,0.9153114763117925,0.1265167313916182,65.14031593949744
1LO1,0.5362488352070427,0.751629849277638,0.11277918626037224,41.48016162505827
1LPQ,0.8087499954292032,0.8481298801645083,0.03387104645150115,67.8206776775849
1LQ1,0.9975159959402042,0.9994468369081437,0.001814960173331529,66.5502401176638
1LWT,0.9951743891127194,0.9988927957779287,0.002859441949799176,113.47753326586952
1LWY,0.9955437846604362,0.9979920522933768,0.0015549092196947888,46.58913110090336
1M18,0.9607435566371245,0.9779648503753564,0.015060125746644759,98.16738845060156
1M5R,0.9855209673219714,0.9960065318139242,0.0063182153213136244,59.55120328754706
1M6X,0.9248061843048471,0.9809464925426802,0.04662363290693133,61.187184733217485
1MA7,0.9951993137980115,0.9986876220182931,0.0027999089011110103,97.20029239401588
1MEY,0.9886138086626497,0.9962576465582212,0.004305283595856506,58.36760344624719
1MHD,0.9953597134124154,0.9989079948746861,0.0024596033004138655,44.239441847424885
1MHT,0.9990394652338099,0.9997092250927913,0.0004527903092038378,40.61161851730788
1MJM,0.9835142722918051,0.9940158793838635,0.006564496969349437,31.966055367545962
1MJO,0.9961987266506831,0.9983398339070109,0.0013045064063351073,56.45867360609882
1MJP,0.9960990641589141,0.9973590118563135,0.0009040912426430648,28.556920799905058
1MJQ,0.9899183582965881,0.9959834763033786,0.004012105415805394,57.68093694931078
1MNN,0.9938868720680532,0.9972451799790256,0.002000189749227028,49.15577387106633
1MSW,0.8508660035668589,0.9672942593135245,0.10292770205182554,62.30959330293943
1MUS,0.9989689581349158,0.9995117790322028,0.0003623452084293302,67.24745540776723
1MW8,0.9981341223750836,0.9997762580679243,0.0007243001188643454,21.012894887995948
1N3E,0.9945678506442477,0.998551719325924,0.003139298394946338,40.84021435256349
1N3F,0.9874799850516569,0.9977027070851933,0.007203625869734542,40.351036255482654
1N48,0.9901187636345968,0.9986106309256152,0.003937140348545103,41.08702096467061
1N6J,0.9836044713850356,0.994169038464938,0.008487865101331267,44.83411238540835
1N6Q,0.9989991478221019,0.9997418591192406,0.0006075010817382918,63.350334146235824
1NFK,0.966252883421144,0.9889501729942004,0.01741185023023542,38.18425421641885
1NJW,0.9943741861604309,0.9967063626213523,0.0018542268819556939,38.681948739620246
1NJZ,0.9959133275204645,0.9978650886083623,0.0014794616194479025,35.80358589161722
1NK3,0.9139425981696621,0.976852815155798,0.06012661733265761,53.334430282706535
1NK4,0.9958849346248915,0.9987655679220945,0.0015218500143300464,34.41499251645675
1NK5,0.9923605060222901,0.9968711090102277,0.0034965658695247782,45.54526438587037
1NK7,0.9958830652603373,0.9987019995133527,0.0015894737334071634,35.574053445890996
1NK9,0.9935772859644671,0.9969661149880632,0.002695782802338895,38.21908067551522
1NLW,0.9120418836103543,0.9920353805505809,0.07357322128169638,45.0230291883299
1NNE,0.9995137527624731,0.9997384159891516,0.0001526532750963606,84.18909006433279
1NNJ,0.9770869922405335,0.9882038583431534,0.009672576032063278,39.476569311945475
1NWQ,0.9434918876846212,0.9878736162620266,0.04110557011738088,66.71424836816706
1NZB,0.9949229470858157,0.9997031108952072,0.003399186627589074,115.40677533844632
1O3T,0.989717778364925,0.9975393543315055,0.008148223480769075,59.49846115853613
1O4X,0.9478959278562064,0.9918193328895488,0.027965263236002992,59.976260291093496
1OCT,0.9803459838525291,0.9920429220822674,0.010044103014586983,48.19415245539774
1OSB,0.9709481520787171,0.9720236506730736,0.0007506832434422844,8.07497790425802
1OSL,0.8717067504275922,0.9579090535909633,0.04737675400306622,59.545866575426174
1OUP,0.9308491629265869,0.9468985229245784,0.008505678505287557,37.00587382454761
1OWF,0.9089691509014103,0.9885950475500866,0.11863225266640477,43.42599149108009
1P34,0.9313174396220752,0.9872581489098446,0.03875007048629159,99.37457426250877
1P3B,0.9594550332858811,0.9831615713914627,0.015038831320994577,98.46240851571598
1P3G,0.960570504603368,0.9827401211619354,0.013745889916746143,99.19807949255855
1P3I,0.9592406180758427,0.9835839097435093,0.014980198346166096,99.13708976885903
1P3L,0.9308804213077264,0.9866600809248576,0.038520194281099554,98.49722580050187
1P3M,0.9310354066209191,0.9866205757080575,0.038220753064138385,98.48674664076262
1P3O,0.9285427081580234,0.9864522258217063,0.04056333345883432,98.9412907089083
1P4E,0.9233303458889082,0.9802095429674269,0.04851492340288518,60.65309605629035
1P59,0.9706119139594073,0.9923098736758371,0.010832994123495625,32.680479745309924
1P7D,0.8605759279403628,0.9930151653845283,0.15603446482265648,47.347828208721666
1P7H,0.9965351778538188,0.998709297602501,0.0013422550201358883,66.64273581798459
1P8K,0.9469841199455539,0.9901948815471117,0.03926530409228006,39.95263287172192
1PER,0.9947913856960386,0.9982843196716457,0.0021752030283460205,65.46497434049098
1PH4,0.9971252473125058,0.9979226782546761,0.000689907897466025,27.25246162656282
1PH6,0.9974996475078992,0.9981889344819509,0.0006304598786356713,27.171667351420353
1PH7,0.9975601879285961,0.9983305306086133,0.0007035765405976024,27.43169655278043
1PJI,0.9771858771789763,0.9882053457988196,0.009784765158943649,39.3631100484546
1PJJ,0.9984501484313022,0.999160355336455,0.0005141465028428122,39.635514463492854
1PM5,0.9984276270426197,0.9991208345139629,0.0005045544432434238,39.22770473804894
1PT3,0.9568390525901908,0.9893004624373091,0.01926270854519712,46.444168815086684
1PUE,0.9783280620643889,0.9914121814105721,0.007698513490463505,62.096438147452155
