pdb_id,mean_kappa,max_kappa,std_kappa,len_h
102D,0.12176412842199465,0.2324244711271467,0.04952107907380043,37.21985693583045
103D,0.10479060477636762,0.16253655537515155,0.029769145142829835,42.421918120644925
106D,0.006013906981204628,0.011578392859122691,0.00308075806116799,13.0502770270075
107D,0.07184982137035648,0.2044852632532068,0.060192889618119305,20.472161172673985
109D,0.11121921351426542,0.176769286978479,0.03965064623318924,37.857306748825316
10MH,0.08629803004524415,0.1612907720033398,0.03793324619073775,41.03914959749511
111D,0.11401280138157784,0.19556432210560515,0.04241903930800738,37.69851810754985
112D,0.11213357015182578,0.1672582570186785,0.038647770084489594,38.27439670593632
113D,0.11208820474487313,0.183246448980814,0.0411553260239248,37.61529891185958
121D,0.1080160841675763,0.1899838503226338,0.04068647102281965,37.425492507769924
123D,0.08316516134713599,0.16177622561958613,0.05280039038137503,33.68808691477622
126D,0.0821709446688901,0.11127473573418872,0.021371970190096633,30.956224359276632
128D,0.10007100821529674,0.14598848406293835,0.035819480652337754,38.03795672413414
129D,0.1004516889926379,0.15062147446763388,0.03802580014087316,38.287791215399984
130D,0.10516004385098289,0.1567118204422781,0.03833291688526134,38.29956822146069
131D,0.03377776913500932,0.06130436959160338,0.014204735116020816,16.215838407708787
133D,0.027383730287261706,0.03796527902281844,0.006665408369222185,16.471525305057163
139D,0.12096912225079125,0.1582368056796817,0.02921506914539222,20.52060536001283
141D,0.12197987664618276,0.16854383439378423,0.03145259446136406,32.422163159516344
142D,0.12877025218896102,0.19421668447153836,0.03916905670877103,33.70636748128267
144D,0.08692441456724319,0.17195996331136695,0.04401888924024097,40.62204000375111
146D,0.13061172047628009,0.25527025963825595,0.07037974149895719,21.191229171369667
153D,0.12575228106663444,0.1960910695410435,0.047210992977922035,37.077042709123425
156D,0.12752165570328716,0.2660346474288132,0.08031768081851184,20.403806936827223
166D,0.12001732168103055,0.21547627690026633,0.0588316823128906,37.900320800895955
167D,0.10023964336788094,0.20764791065013857,0.05396992704052314,32.39648852431533
169D,0.09319513134366492,0.29242413612266993,0.07297881154616614,30.605052886445577
173D,0.09855691155062953,0.208269361469599,0.04867463324055465,34.713938185819515
179D,0.04681342147196085,0.0812198758934295,0.018647446312932442,12.305442220748185
182D,0.039231338987525934,0.07374135745603119,0.01619220446378122,23.817526614611154
190D,0.011711439629605639,0.02720112099266825,0.008671891163352475,25.486689959865576
191D,0.04102937959234626,0.07411314667954777,0.019816642682901554,18.16733651702895
196D,0.09274251074487955,0.15898973570779273,0.04080321288718099,30.383847921338404
197D,0.04851321857047298,0.10974103841600488,0.03150027490900037,27.20300462683358
198D,0.057370550890127846,0.1753378250622653,0.06220916956275485,39.13816556041827
1A1F,0.11553373261342484,0.1794107300128949,0.03762197201544998,31.80036983574666
1A1J,0.1188812150986649,0.1870965515900001,0.03484472602314746,32.127379590955854
1A1L,0.11927951045011606,0.1892166348255359,0.03898790536825329,31.46165133373005
1A2E,0.06650196738820786,0.17183821438954225,0.04464457720748775,36.037522587885874
1A35,0.14105280588060232,0.1894851517949641,0.03502869973395725,68.23830360402619
1A6H,0.14462563380248175,0.36650032143939804,0.09624057291730054,23.175494694432857
1A73,0.09895790423997428,0.18605192553441618,0.0355198925230994,40.013822008944494
1A8W,0.11143116792880108,0.21815674557617026,0.05561800717649488,20.231177272490726
1A9H,0.1277421963222701,0.21430292356856004,0.04115048456402615,36.66663452761589
1A9J,0.14021908798960422,0.2064649723327236,0.0434805720971078,37.11848690766248
1AC3,0.09792510506825071,0.21920463620946382,0.04800543916257872,34.83812283237874
1AC9,0.10128819450534343,0.19933768452019876,0.05238180907212713,34.11257823894545
1AFF,0.013414880274684009,0.020199233338091285,0.005339599608135095,15.812739015447427
1AFZ,0.09479924280786327,0.1264072701929513,0.025299955523262984,35.52737166733734
1AGH,0.10562089701536068,0.15662064379798424,0.032356276006362525,33.756642916739466
1AGU,0.09114386116019346,0.12406635576311402,0.021142808979505625,37.20126979287829
1AGZ,0.10575462774481081,0.21832251821280035,0.058791610345906485,35.33988975668059
1AHD,0.08788521366944647,0.16891379850644098,0.03915478961851046,42.87709939722632
1AIS,0.10120989112528188,0.2513979261607325,0.060418899781703415,49.62119758900114
1AL9,0.07201904250307321,0.15309854312388457,0.03786950215719947,29.080010585588827
1AM9,0.10034704124893608,0.14693773694089338,0.026067729439419207,38.179709043472485
1ANA,0.07498849997549656,0.14720832251177873,0.03794839046905458,17.92127593526193
1AO1,0.06439090555351845,0.12069229379108617,0.030300336220891178,24.15870988460304
1AOI,0.31105719289360645,0.8151616212682239,0.20194672678507916,98.69036018111579
1AU6,0.07723223590812306,0.1340579129749794,0.03163126749821437,23.3130864518224
1AUL,0.0931190452445536,0.2110625535505375,0.06064184820378576,34.07318095483607
1AX6,0.08070949683682062,0.17111527142756713,0.042035288897433215,32.21423738184987
1AX7,0.10514494374117374,0.2880845475092652,0.07376722705223401,37.93566233665623
1AXL,0.10693843793066177,0.2451964464287947,0.058764631725222755,29.137938213805267
1AXO,0.09457728353269504,0.21988912811085062,0.06257948889510756,46.47500460459133
1AXU,0.06953000215630055,0.1545065631350751,0.03864097480706927,36.38007840070349
1AZ0,0.10252602589927312,0.26198289460055496,0.05309475292816518,31.620201803283056
1AZP,0.06555289728189237,0.20294877441560383,0.05187305523917109,27.46862865298141
1B3P,0.07455226939068837,0.1409889375069617,0.035870283563298536,23.807239811570184
1B5K,0.16552696980182527,0.23644745040432857,0.05151677222536159,29.517786978088385
1B60,0.11244984407246181,0.29010379543196174,0.07200835768984216,27.424133043410507
1B6Y,0.10231223728335699,0.21448588075575278,0.05839170413796931,35.71899362371774
1B72,0.12609082029921265,0.17432398011067318,0.03296532196276493,64.82299538242708
1B8I,0.10866685504167176,0.19091142729032595,0.044575399203232495,54.94424769351391
1B94,0.10495407560516928,0.27714631199414214,0.06058001518461724,31.804037836577777
1B96,0.1091992112879587,0.27509792878068084,0.06088553432035029,31.67620618087375
1BBX,0.04160505826625435,0.09356871556127946,0.024017676986323296,47.8891469420008
1BC7,0.08488962042627676,0.20997122637222998,0.06168522680418978,35.6124576808722
1BDN,0.1154358259630725,0.2089464088435292,0.04871410741251303,38.52515032376611
1BF4,0.05794075235732993,0.18820310856743977,0.05095777728042772,28.35555823397644
1BGB,0.08755421960665094,0.3426932126338069,0.08366221497700292,31.60150327653468
1BHM,0.10462077274380766,0.16506170051735505,0.03255279321871801,37.28205752756809
1BJD,0.12537468753664543,0.15793312328120368,0.03606224442286864,34.51890908914975
1BNA,0.11455204727313865,0.18220184947873577,0.045797086592076486,38.207450772298856
1BNK,0.07205623597311107,0.15650082942199975,0.03271882153811619,42.37049023178434
1BNZ,0.05697045007054664,0.25583125856147726,0.06455976839862573,29.567790695755455
1BPS,0.08409359378308665,0.25164100601739864,0.06760762096282051,31.78549025521079
1BPX,0.09910315191792414,0.27098887399981875,0.07300578534712676,45.076159090398946
1BQJ,0.028798135588731153,0.07212869029774722,0.01909196727626896,25.02039949278958
1BSS,0.10740363115533012,0.24113831161430554,0.04816561564214757,32.18281542588562
1BUT,0.059788516513480314,0.19191344676381447,0.050286556444523595,32.225608604842535
1BX5,0.10489629034330118,0.17956426964475422,0.04309320834168469,32.08320219744535
1BY4,0.0762321831760436,0.17058384865693244,0.0555187686689661,68.32485936982553
1C0Y,0.11738174802035788,0.21364678520718944,0.055791582509704604,37.934946878886585
1C2Q,0.08625728091560446,0.31059915615039885,0.08275368165566108,31.334871612383566
1C7U,0.0854484361152505,0.12113497228416237,0.022166715916363062,70.17493892522045
1C8C,0.060807748057617704,0.1871558788729301,0.050508018810060014,27.942170412635626
1C95,0.04424849273067212,0.08606851550914212,0.02654232873745825,25.794668552926694
1CA5,0.061577086782897604,0.2035734094063032,0.05387479203401941,27.625323675676782
1CDW,0.15264950953849035,0.2743585454954698,0.07559375853258943,37.76760217468987
1CF7,0.10923107713286326,0.17430240916474116,0.0395140427713184,50.61211677091774
1CGP,0.0889404214173155,0.28405226319709626,0.05658226960463832,39.34383075566187
1CJG,0.11835974730109504,0.20814331029429203,0.04930819251165044,69.92072955207155
1CMA,0.08819505621606014,0.2876260243238798,0.08768961003216957,36.889189679056564
1CO0,0.12888977582237898,0.21560063202591923,0.049243450612500426,63.88931829733368
1COC,0.11551000903854992,0.16537989977893133,0.03144368937096364,43.147787238338864
1CP8,0.14885485078263644,0.29875177172294803,0.07960397934844278,26.236603750172137
1CQO,0.09158559847816193,0.17055337198865042,0.04127645684145392,35.071282247181486
1CQT,0.1744058701078933,0.4742324958424125,0.15125266867404458,40.01318571098782
1CR3,0.051350291940862956,0.1028667935543291,0.027591233586067288,45.05365987188108
1CVX,0.08231476527968659,0.1371235723599848,0.034688789125935635,31.166984756864338
1CVY,0.07946488888947925,0.13258426216568886,0.029960491313471952,30.40833337868756
1D02,0.07830639669872241,0.16235510274042342,0.03716980178470619,35.49192487251662
1D0E,0.119800133714306,0.2730769005287235,0.06608934709154309,36.20253914322171
1D1U,0.08633913500684359,0.17742483056156613,0.03437430984590199,31.078709567507282
1D24,0.03217603539599557,0.06538266393004426,0.015682841193697925,17.040228817280184
1D27,0.11647724712283637,0.18705311812466885,0.04281187860033601,37.77002213404733
1D28,0.11892552759104984,0.19243530240142998,0.04813454718978549,37.763963641268845
1D29,0.11410787162483085,0.18889593848012884,0.050393280769057976,38.1084759412443
1D2I,0.12076466945997213,0.1905669003690385,0.03448780842008923,50.87948483969312
1D30,0.11052583959394482,0.21200296832933968,0.052839553342836125,38.18211927206414
1D31,0.12275464053135067,0.2406420986879878,0.05487527283620669,40.241994330629545
1D39,0.034449737278306795,0.05456626439989757,0.011428212199236221,16.775549940242662
1D3U,0.1259224101475393,0.28625582108785924,0.07841911577271155,66.17273952500736
1D3X,0.09570541884255197,0.20572097846411558,0.0598122109564743,26.41265912403731
1D41,0.03229868099694694,0.0508829997679214,0.010702117416866583,16.582524521724864
1D42,0.11252476308718024,0.20266173531560694,0.047722167983129324,24.518474453620033
1D57,0.10265022263406723,0.18990713642641446,0.04436546642137389,28.347261920720083
1D63,0.11619393519314322,0.2223088116735374,0.051702574446596185,37.60161479492109
1D64,0.11096480031930614,0.18972101685211323,0.040061493715175575,37.959936033811594
1D65,0.11361371584498595,0.19271007787370636,0.03946360190486285,37.20029329432337
1D66,0.10938997991625009,0.20918065336633962,0.04096425813469049,60.871955722665334
1D68,0.0805623735638424,0.1971720868135073,0.04307098638560367,30.139313942098752
1D69,0.08074380726375142,0.1830513732086046,0.03941291584747539,33.39855278369966
1D6D,0.08191011416819906,0.12362590229993482,0.02824254844196933,25.95404572366854
1D75,0.10453868542137469,0.18048676971701616,0.03719599193300897,37.29999713086774
1D77,0.11342743033206247,0.17585553741762755,0.04624902588211525,38.22522766850414
1D80,0.11765079069456622,0.18503830699247972,0.04145902202360733,37.93191757266693
1D81,0.1078988379796628,0.16508227048499727,0.033702673456937726,37.45799976129155
1D83,0.08556051120576486,0.20759817431642782,0.05828225003801228,31.050646446862594
1D86,0.10705215855157989,0.16357867678051688,0.038344324556941436,37.77077275507747
1D89,0.06985096858938428,0.2126026581934861,0.07271235345496443,70.20307504726054
1D90,0.07996648552740762,0.2678982436506908,0.06942857524981398,29.094624864507075
1D98,0.11638151135236939,0.1832490225468503,0.04403886687477274,38.35710926683733
1D9R,0.06851836122919581,0.17729251798793377,0.03793534757322734,32.684797826110064
1DA4,0.14619452544168549,0.19720126502403007,0.03627110393097629,40.699325114670806
1DA5,0.14832156197334856,0.20150156807818306,0.04215585691935929,37.377031615113474
1DC0,0.07777796298732705,0.19882406981931056,0.048138813507643416,38.37943042891372
1DDP,0.08812597708931647,0.19206096191288088,0.048325969750898486,30.342882654175526
1DE9,0.04770348346936581,0.10507172735621025,0.0331614335257894,25.186941565178024
1DH3,0.10302357895903559,0.17026775116805254,0.0298178413984993,71.66209790839233
1DIZ,0.07453191244755922,0.2922882586858685,0.07164058938926339,49.88185273318105
1DJ6,0.03974845872613739,0.07031727662519936,0.013831116281679254,17.198597082509444
1DK6,0.08267332734733059,0.32020567961619795,0.08366358494728891,27.963799627653238
1DL4,0.08088281461108618,0.11233164440392851,0.020224920856373684,36.232060274299045
1DN4,0.031366988677361894,0.04117162232228318,0.007859242783728645,16.513414630562078
1DN6,0.06680064098654201,0.320736597947246,0.08093034384144988,34.02138214151218
1DNE,0.10187596228394766,0.17805092882018347,0.04483135836597392,37.94091597214715
1DNK,0.07552607684326795,0.19068477608404302,0.05580240699159497,24.51466235424501
1DNM,0.08977623112479448,0.1336566359246943,0.02592375040709654,37.05610769654376
1DOU,0.11829411654349603,0.18711297858618187,0.047325683955166675,38.01395904001541
1DPN,0.11815592755154865,0.19147663468601417,0.048967348612376366,37.76158668155506
1DSA,0.10911834983257071,0.22222689272731327,0.0602389485430427,31.899702988130613
1DSD,0.04516854539260966,0.10528265481151255,0.028303608476744457,27.145469229174896
1DSM,0.12705058738248956,0.21356563511816137,0.053749090313593366,30.54462325223466
1DSZ,0.10611758397193623,0.16696578020566244,0.03217577350193197,47.762048368860306
1DUX,0.09821489211206176,0.3278289468404554,0.09595326359959666,47.02448946205942
1DVL,0.10301925175247797,0.2035152914791738,0.04711035064586311,29.067353148038826
1EBM,0.11053250912537053,0.23400654517251251,0.05875554152190443,47.130404615417966
1ECR,0.1046946650782612,0.1932038963487195,0.04310687448761771,51.0683647276487
1EDR,0.11622459357266687,0.18959399877709116,0.04643207504362475,38.617086365962074
1EEK,0.12566034905534704,0.20079010547623152,0.052542367343554164,33.92075457047234
1EEL,0.11176880764061319,0.18200827369786224,0.04025215667504194,37.70658976541991
1EFA,0.1140238563953335,0.19880050317715892,0.04713352068619935,55.60624596556575
1EFS,0.08986300498869486,0.19997450915498122,0.06145699945396698,42.462413835508656
1EGK,0.2011092592306714,0.6705960507538034,0.14286501082618483,53.759081819881466
1EJ9,0.14183976215359115,0.18592274886626908,0.034238365367164895,69.63489605198569
1EJZ,0.05273542800901988,0.1379904691274686,0.0412809090172641,26.945408401769726
1EKI,0.12581012912963582,0.27971903345368915,0.07562735289571287,27.205517730432046
1EKW,0.06863043123045139,0.16912547179853724,0.03691080889102802,37.17143647488943
1EMH,0.10029312043279376,0.22880242076631924,0.06179003655544032,31.594361231546443
1EMJ,0.09500849405917784,0.24189706422792107,0.0674195825477766,32.526614326717876
1ENN,0.11628972442227213,0.17313330970322363,0.0419174068499427,26.206344648810248
1EO4,0.09454020312148466,0.33193406389840296,0.08214596290588991,28.669555645087847
1EON,0.10119524356726978,0.2781940417262341,0.061035781532586986,31.676814725624787
1EOP,0.08025343290472926,0.3730516584888801,0.09144692056353979,36.113036037941015
1ESS,0.06170004961114434,0.15641806569072278,0.03700026181277632,30.417212656899885
1EU2,0.00838413323990008,0.018597529128381907,0.005228106406234757,18.113786146811155
1EWN,0.08284460321704037,0.15274675708823826,0.028870181136860008,37.14331414747298
1EXL,0.09928794234863059,0.22225546195523332,0.06309154390518483,32.959313986650564
1EYG,0.11495642063604246,0.32881569889148043,0.07841544256525232,50.06034493518386
1F0O,0.10668836569020067,0.1480267740412931,0.02493710104572783,41.475760119772445
1F2I,0.12422859118109306,0.48107298144135163,0.1309700994009544,61.377548614058085
1F5T,0.10444031932750092,0.15546584661721347,0.027524618082248577,147.25953088546675
1F66,0.2971314533914206,0.7778762441076492,0.19473982526661593,97.30845068982211
1F6E,0.05330289421316095,0.20653372915510174,0.058776940252685775,40.59495577990826
1F6I,0.09379502331753418,0.15961963232143864,0.03981380241859227,22.074026220074412
1FD5,0.08162403659333865,0.17207414754197112,0.04875401066724809,19.37176677616827
1FDG,0.08966519065105433,0.19731515550418152,0.05496289266151808,18.788321247962966
1FHY,0.07173976727332372,0.1705396931821038,0.04129773030609691,30.893446017144196
