pdb_id,mean_vij,max_vij,std_vij,len_h
10MH,0.08629803004524415,0.1612907720033398,0.03793324619073775,41.03914959749511
173D,0.09855691155062953,0.208269361469599,0.04867463324055465,34.713938185819515
1A1F,0.11553373261342484,0.1794107300128949,0.03762197201544998,31.80036983574666
1A1J,0.1188812150986649,0.1870965515900001,0.03484472602314746,32.127379590955854
1A1L,0.11927951045011606,0.1892166348255359,0.03898790536825329,31.46165133373005
1A35,0.14105280588060232,0.1894851517949641,0.03502869973395725,68.23830360402619
1A73,0.09895790423997428,0.18605192553441618,0.0355198925230994,40.013822008944494
1AHD,0.08788521366944647,0.16891379850644098,0.03915478961851046,42.87709939722632
1AIS,0.10120989112528188,0.2513979261607325,0.060418899781703415,49.62119758900114
1AM9,0.10034704124893608,0.14693773694089338,0.026067729439419207,38.179709043472485
1AOI,0.31105719289360645,0.8151616212682239,0.20194672678507916,98.69036018111579
1AZ0,0.10252602589927312,0.26198289460055496,0.05309475292816518,31.620201803283056
1AZP,0.06555289728189237,0.20294877441560383,0.05187305523917109,27.46862865298141
1B72,0.12609082029921265,0.17432398011067318,0.03296532196276493,64.82299538242708
1B8I,0.10866685504167176,0.19091142729032595,0.044575399203232495,54.94424769351391
1B94,0.10495407560516928,0.27714631199414214,0.06058001518461724,31.804037836577777
1B96,0.1091992112879587,0.27509792878068084,0.06088553432035029,31.67620618087375
1BBX,0.04160505826625435,0.09356871556127946,0.024017676986323296,47.8891469420008
1BC7,0.08488962042627676,0.20997122637222998,0.06168522680418978,35.6124576808722
1BF4,0.05794075235732993,0.18820310856743977,0.05095777728042772,28.35555823397644
1BGB,0.08755421960665094,0.3426932126338069,0.08366221497700292,31.60150327653468
1BHM,0.10462077274380766,0.16506170051735505,0.03255279321871801,37.28205752756809
1BNK,0.07205623597311107,0.15650082942199975,0.03271882153811619,42.37049023178434
1BNZ,0.05697045007054664,0.25583125856147726,0.06455976839862573,29.567790695755455
1BPX,0.09910315191792414,0.27098887399981875,0.07300578534712676,45.076159090398946
1BSS,0.10740363115533012,0.24113831161430554,0.04816561564214757,32.18281542588562
1BY4,0.0762321831760436,0.17058384865693244,0.0555187686689661,68.32485936982553
1C7U,0.0854484361152505,0.12113497228416237,0.022166715916363062,70.17493892522045
1C8C,0.060807748057617704,0.1871558788729301,0.050508018810060014,27.942170412635626
1CA5,0.061577086782897604,0.2035734094063032,0.05387479203401941,27.625323675676782
1CDW,0.15264950953849035,0.2743585454954698,0.07559375853258943,37.76760217468987
1CF7,0.10923107713286326,0.17430240916474116,0.0395140427713184,50.61211677091774
1CGP,0.0889404214173155,0.28405226319709626,0.05658226960463832,39.34383075566187
1CJG,0.11835974730109504,0.20814331029429203,0.04930819251165044,69.92072955207155
1CMA,0.08819505621606014,0.2876260243238798,0.08768961003216957,36.889189679056564
1CO0,0.12888977582237898,0.21560063202591923,0.049243450612500426,63.88931829733368
1CQT,0.1744058701078933,0.4742324958424125,0.15125266867404458,40.01318571098782
1D02,0.07830639669872241,0.16235510274042342,0.03716980178470619,35.49192487251662
1D0E,0.119800133714306,0.2730769005287235,0.06608934709154309,36.20253914322171
1D1U,0.08633913500684359,0.17742483056156613,0.03437430984590199,31.078709567507282
1D2I,0.12076466945997213,0.1905669003690385,0.03448780842008923,50.87948483969312
1D3U,0.1259224101475393,0.28625582108785924,0.07841911577271155,66.17273952500736
1D66,0.10938997991625009,0.20918065336633962,0.04096425813469049,60.871955722665334
1DE9,0.04770348346936581,0.10507172735621025,0.0331614335257894,25.186941565178024
1DH3,0.10302357895903559,0.17026775116805254,0.0298178413984993,71.66209790839233
1DIZ,0.07453191244755922,0.2922882586858685,0.07164058938926339,49.88185273318105
1DNK,0.07552607684326795,0.19068477608404302,0.05580240699159497,24.51466235424501
1DSD,0.04516854539260966,0.10528265481151255,0.028303608476744457,27.145469229174896
1DSZ,0.10611758397193623,0.16696578020566244,0.03217577350193197,47.762048368860306
1DUX,0.09821489211206176,0.3278289468404554,0.09595326359959666,47.02448946205942
1EBM,0.11053250912537053,0.23400654517251251,0.05875554152190443,47.130404615417966
1ECR,0.1046946650782612,0.1932038963487195,0.04310687448761771,51.0683647276487
1EFA,0.1140238563953335,0.19880050317715892,0.04713352068619935,55.60624596556575
1EJ9,0.14183976215359115,0.18592274886626908,0.034238365367164895,69.63489605198569
1EMH,0.10029312043279376,0.22880242076631924,0.06179003655544032,31.594361231546443
1EMJ,0.09500849405917784,0.24189706422792107,0.0674195825477766,32.526614326717876
1EO4,0.09454020312148466,0.33193406389840296,0.08214596290588991,28.669555645087847
1EON,0.10119524356726978,0.2781940417262341,0.061035781532586986,31.676814725624787
1EOP,0.08025343290472926,0.3730516584888801,0.09144692056353979,36.113036037941015
1EWN,0.08284460321704037,0.15274675708823826,0.028870181136860008,37.14331414747298
1EYG,0.11495642063604246,0.32881569889148043,0.07841544256525232,50.06034493518386
1F0O,0.10668836569020067,0.1480267740412931,0.02493710104572783,41.475760119772445
1F2I,0.12422859118109306,0.48107298144135163,0.1309700994009544,61.377548614058085
1F5T,0.10444031932750092,0.15546584661721347,0.027524618082248577,147.25953088546675
1F66,0.2971314533914206,0.7778762441076492,0.19473982526661593,97.30845068982211
1FJA,0.05234818925623452,0.08806215603924314,0.023378898159690305,29.85666097300065
1FJX,0.08991311155320944,0.1732692316985427,0.03749596233380249,42.10411692722659
1FOK,0.11373155883444076,0.19063563761801472,0.047782553915677345,67.85801949168325
1FW6,0.106392804082256,0.31538157505139464,0.07122308857516607,83.48263025616104
1FYM,0.09155230897067465,0.12368173114331633,0.013082610386171941,37.46510030039846
1G2F,0.0929151365577215,0.16932915479759791,0.05815485577599173,72.3298599639834
1G3X,0.07291119841648974,0.1977633534506218,0.06441311345614385,57.47924824005089
1G9Z,0.08174067158647925,0.13086982002539557,0.024697885379782233,41.01014429228617
1GA5,0.10554222909290299,0.24823205680831412,0.07969783302718408,74.02301983407354
1GAT,0.08400657523885519,0.14206013903564096,0.02768539582746067,26.923433227381555
1GAU,0.0879727453069446,0.139081271241552,0.028321799053880194,25.711328260604688
1HI0,0.0009511147718232355,0.002226429868715697,0.0006959178729222298,15.066846425644833
1HLO,0.08015441978022411,0.1607479686365981,0.04450262636131237,36.5776160574935
1HLV,0.13015531596607938,0.2308883099696957,0.04274744637536042,61.0706304452821
1HRZ,0.04417730182120085,0.16499324153554734,0.03925477569095174,34.24040093169365
1HU0,0.1148443353510449,0.23774818305463302,0.061106588553879924,46.43336761528752
1HUO,0.0694400550188296,0.27450307201153196,0.09097094731590151,40.17707634309781
1HWT,0.12112394507897072,0.2985944334540114,0.08821271958662162,66.06323540233849
1I3J,0.10932799388633459,0.15329157232254154,0.027526205451605206,69.35708685025914
1I3W,0.06980902437429215,0.17119408397365207,0.03702899818848601,38.73951375952302
1I8M,0.007615239472001752,0.012866659127524119,0.00234810224693655,21.115385197746022
1IAW,0.08908392202252205,0.2477685923219904,0.07416045368502797,37.203123145861134
1IF1,0.07388244227513187,0.13438455213924083,0.040788375201960866,40.053368959270585
1IG7,0.10416516702465795,0.19646921108173546,0.04917020762522731,44.77823930012232
1IHF,0.14766300822850795,0.5344662909127977,0.1368372115742747,43.46562627037315
1IJS,0.025436586444855653,0.048877338703840714,0.01367178395940546,19.037293535092033
1IPP,0.1267878223292165,0.21676225831056753,0.055628745086890925,68.12251466853871
1IU3,0.0798088646392936,0.2308135668584543,0.06710083452323246,51.67281392203481
1IV6,0.1346635086927137,0.22038026742067798,0.05624547008958313,38.03547405931849
1J3E,0.09802465220734581,0.1814560703258106,0.044845707245075306,30.014866041148345
1J46,0.09017004038667646,0.17922897348991215,0.03637816442472386,45.67920171890542
1J47,0.07683779918242707,0.130283193656943,0.03121698342381434,47.70392338006742
1J5N,0.07897683151889656,0.2525521123020337,0.05146543869945482,52.421439770551046
1JB7,0.04646266383951945,0.11270573378955653,0.03449622047023875,27.178750780169263
1JEY,0.11485813970892321,0.18355697340978444,0.036279569009103896,64.08337071568498
1JFI,0.07898263101750863,0.17634702474544442,0.053639975079976185,50.7337870941643
1JGG,0.10445936227127471,0.1574282055624267,0.032066001717869975,30.066288862367657
1JJ6,0.11370816605767152,0.18424272564323765,0.0352327402869529,43.427909187425854
1JKO,0.10465523468456667,0.16496563607759726,0.03201127676261946,44.452679616643955
1JKP,0.11313620217651818,0.18983587874483268,0.03564052973654428,43.78380879345631
1JKR,0.11291835265252465,0.16367659195993525,0.03264883061031866,44.32451877651808
1JNM,0.10145899724103412,0.14513033682041315,0.03346055933029704,63.520677009484025
1JWL,0.10363603260137046,0.17482224309820465,0.04277092771843174,43.23353778364874
1K3W,0.07843133542762862,0.2864484187349122,0.07148126119102785,31.03517526483759
1K4T,0.08726686434986947,0.15053271324202042,0.03910708314926605,34.020423936711396
1K61,0.13160362822905974,0.18704336783336217,0.03662708405768869,64.97712901482379
1K78,0.08812271454939292,0.16067461860747545,0.042030935178035314,101.00266192222843
1K82,0.09266597496007627,0.4215783863760616,0.11460407075146284,41.397730780773365
1K8G,0.0010515640811103208,0.0015840248046848548,0.000302290642820599,8.031937922167764
1KBU,0.2381951817013857,0.8027667789354023,0.19323883800070493,70.86489755479161
1KU7,0.10538103868401179,0.1408094824410938,0.026469446409569317,34.57200670236335
1KX3,0.32190898021098857,0.7793165301266773,0.1982016187255339,98.76589326143923
1KX4,0.30313502850601065,0.7531734259209563,0.18681190302546288,103.29159373801255
1KX5,0.32344471536560676,0.7307805340030737,0.1998831871674191,98.68714261728115
1L1T,0.09559340919648042,0.2396661845983302,0.04892670925019439,31.94097473355241
1L1Z,0.09521576025515467,0.28698645355758745,0.06217307464250482,32.49941412053314
1L2B,0.10468455771430768,0.24833965275995062,0.05419201348943613,30.28606097527188
1L3S,0.10652707574382077,0.32799548206257156,0.07962654665253933,30.48179134993871
1L3T,0.08797053142881107,0.21294195874463126,0.05468113049029401,35.80059655054319
1L3U,0.09198350397043646,0.16698891995436435,0.04540515042937373,39.17556708906373
1L3V,0.1078796305535205,0.1858986345672708,0.04729440218344003,51.46240664589353
1L5U,0.10093072239587882,0.16075500338911664,0.04187338361984964,40.141978271829174
1LB2,0.1257426752198312,0.29226048918572683,0.055521658866303406,74.44115334877048
1LBG,0.11712723235235589,0.34828091632127944,0.08182308853217073,73.31689929011137
1LCD,0.09864851217839625,0.21219120362052912,0.0497037618894061,32.772666328050995
1LE8,0.13480543646446694,0.277807304516295,0.059606446726416094,56.08874266309451
1LE9,0.10746081347775929,0.4357577382935982,0.13248740482098878,44.140719936050196
1LFU,0.1083434763904425,0.19271502008903826,0.04458697452901447,46.6596311636615
1LLI,0.10969893253159926,0.2020413501760882,0.038435238410464756,65.14031593949744
1LO1,0.11301427438440474,0.18738170228119103,0.03836443087419476,41.48016162505827
1LPQ,0.14611471638502263,0.22048493832458246,0.03625480814069103,67.8206776775849
1LQ1,0.0944212507623538,0.25773994889259716,0.06689378924977187,66.5502401176638
1LWT,0.12848399356643447,0.3057380441759178,0.06759127850056873,113.47753326586952
1LWY,0.10608047384783022,0.22460282019260083,0.05562235993533256,46.58913110090336
1M18,0.28399440752754446,0.8288619115088666,0.19779249956273698,98.16738845060156
1M5R,0.08000965083149404,0.2322660601269018,0.0682244741862888,59.55120328754706
1M6X,0.10284741272312689,0.3423163391375704,0.10786006250984158,61.187184733217485
1MA7,0.1626539153453175,0.7794690321166914,0.14336191201785542,97.20029239401588
1MEY,0.08827619037959032,0.16152262854237556,0.05463565232271305,58.36760344624719
1MHD,0.09725307735674142,0.14413785261140982,0.031023563960949702,44.239441847424885
1MHT,0.08871987840812756,0.17325710744067796,0.04138404361937214,40.61161851730788
1MJM,0.08816203358379156,0.20744323528288258,0.06282943849267014,31.966055367545962
1MJO,0.12740697689258004,0.1996528090282394,0.03427323825792499,56.45867360609882
1MJP,0.0918675560788291,0.18729319073040687,0.056874974038909086,28.556920799905058
1MJQ,0.16372510884148192,0.569331708403182,0.16004610376850914,57.68093694931078
1MNN,0.11335048978114791,0.15343915803313932,0.031552033750176615,49.15577387106633
1MSW,0.1035528721448948,0.19065469595457812,0.046800276713935524,62.30959330293943
1MUS,0.12077982322576075,0.20844482499163805,0.04954463013254658,67.24745540776723
1MW8,0.03413605481138544,0.11088770234300023,0.02863695363843406,21.012894887995948
1N3E,0.071995760848515,0.11971854283605586,0.021101572293670805,40.84021435256349
1N3F,0.07857152504884317,0.17087441144161536,0.03813345148384586,40.351036255482654
1N48,0.1131193317870684,0.23983324345700857,0.06495385675278234,41.08702096467061
1N6J,0.1246193496434281,0.20601844500842717,0.04825174040234854,44.83411238540835
1N6Q,0.11781216242759537,0.18637864059133272,0.04005266331490148,63.350334146235824
1NFK,0.11324051053365895,0.1517341146406476,0.03784928126491074,38.18425421641885
1NJW,0.08189899706510571,0.19795175707252133,0.05600870038699077,38.681948739620246
1NJZ,0.07954164698945212,0.1749524145158687,0.0468965080595621,35.80358589161722
1NK3,0.09738623660484971,0.18213925825245092,0.03807905792694165,53.334430282706535
1NK4,0.06472752726455461,0.21849220266246544,0.06177653833486338,34.41499251645675
1NK5,0.10535065314180661,0.17412074952148351,0.04540065518798355,45.54526438587037
1NK7,0.07549841218848813,0.20738024593005616,0.059686458380497985,35.574053445890996
1NK9,0.09430924458264765,0.22491745600901836,0.05827834783823565,38.21908067551522
1NLW,0.16756865853167593,0.6207084136710083,0.1810323115503787,45.0230291883299
1NNE,0.10361253496250267,0.3005098094783939,0.07008252181593738,84.18909006433279
1NNJ,0.1283950679505213,0.37428901344380033,0.07685035931160979,39.476569311945475
1NWQ,0.12049345776643562,0.17195799030958556,0.03255695519777309,66.71424836816706
1NZB,0.15699441826459057,0.44747083171703805,0.11078871196076753,115.40677533844632
1O3T,0.10535308133563717,0.31501722342197636,0.07030970303267141,59.49846115853613
1O4X,0.10625837317493167,0.18863650325331366,0.03571084953558972,59.976260291093496
1OCT,0.10835718629440465,0.24853998965821106,0.05271890642747162,48.19415245539774
1OSB,0.0029386455884779705,0.005034052259225998,0.0012840402365167174,8.07497790425802
1OSL,0.10925350870194062,0.13620316985852726,0.02128329298103196,59.545866575426174
1OUP,0.05205143643375006,0.16936723600115078,0.05648503962472965,37.00587382454761
1OWF,0.15303519206756122,0.5274966538730217,0.13744111441728987,43.42599149108009
1P34,0.305870683209189,0.7902417239586369,0.19888523402999897,99.37457426250877
1P3B,0.3018908746428714,0.7428081745059234,0.18444570305143546,98.46240851571598
1P3G,0.3078224649289502,0.8340052396972896,0.20379101640906444,99.19807949255855
1P3I,0.310045368466131,0.7762518411835616,0.19481523059515676,99.13708976885903
1P3L,0.31572965645010054,0.8598164672570712,0.20575174549356298,98.49722580050187
1P3M,0.31237886049048075,0.7433113848097503,0.1889235922938913,98.48674664076262
1P3O,0.3017109503327439,0.7885232380562,0.1943340068105837,98.9412907089083
1P4E,0.09715718068379492,0.3319715061148869,0.10879785985550855,60.65309605629035
1P59,0.07514941948095077,0.2371434237178862,0.05475077351734228,32.680479745309924
1P7D,0.14207326585173408,0.5727450545512455,0.13655175057679791,47.347828208721666
1P7H,0.10623173996997669,0.2203205487070696,0.06438852364698026,66.64273581798459
1P8K,0.07549797015837226,0.12315281713005015,0.020133235034306644,39.95263287172192
1PER,0.13568084432581062,0.1979342669858876,0.03612830475406511,65.46497434049098
1PH4,0.047285256988058966,0.11614843599206093,0.03601413564099573,27.25246162656282
1PH6,0.04149915473618269,0.10606427749974827,0.03255053649670819,27.171667351420353
1PH7,0.04191471958394542,0.09959037175991506,0.029335559177514996,27.43169655278043
1PJI,0.13137215345306025,0.38248458645776484,0.07933934840791959,39.3631100484546
1PJJ,0.12069980929423436,0.2119615564411623,0.05871377370010877,39.635514463492854
1PM5,0.12396490870969805,0.21641933176894756,0.06022597057276965,39.22770473804894
1PT3,0.05060901591059998,0.12014113217057827,0.04318262161778948,46.444168815086684
1PUE,0.11441006319644811,0.2795060943342542,0.07393783160297754,62.096438147452155
