pdb_id,mean_omega,max_omega,std_omega,len_h
102D,71.70299433016234,112.9236573514347,22.347302877543104,37.21985693583045
103D,46.126315757793726,64.63844081134994,11.778344887483076,42.421918120644925
106D,77.77048663222222,130.67228440446988,39.56142249249586,13.0502770270075
107D,126.2210463662232,277.9860758334624,78.26490455513049,20.472161172673985
109D,69.48721283301602,106.43485485143749,25.426513086094428,37.857306748825316
10MH,63.06071645035355,113.11755063502743,25.480990327766328,41.03914959749511
111D,71.64563323563483,103.27927986779652,21.7073798420664,37.69851810754985
112D,61.13687469152396,103.1017726938347,21.57695438450293,38.27439670593632
113D,62.49565849742812,100.9270886993754,22.33925227569628,37.61529891185958
121D,69.09167859113046,102.88004362746489,22.905806847488957,37.425492507769924
123D,84.88310091996786,151.4508409568276,26.657686064927447,33.68808691477622
126D,49.67981631148005,65.97291339983794,8.78696730753944,30.956224359276632
128D,74.78036271913624,120.2719832366301,28.10033273211033,38.03795672413414
129D,70.58287378561407,110.15847487900434,23.890257212195028,38.287791215399984
130D,71.94938234619121,107.5340803359359,23.511961799653594,38.29956822146069
131D,13.626852572650588,25.516764145175383,6.934692034292648,16.215838407708787
133D,10.007331775742964,17.753783490469296,3.963336395176008,16.471525305057163
139D,73.64021875090536,114.87633783470325,28.903792385961477,20.52060536001283
141D,109.98493222709847,259.0162242091167,70.96006350172355,32.422163159516344
142D,138.17721903529576,336.8609993046417,82.65690440785914,33.70636748128267
144D,64.00127681547526,126.8872924003598,25.484190120585264,40.62204000375111
146D,51.42239205336496,62.68713726916735,9.103077884869647,21.191229171369667
153D,83.12410597723,132.806561570058,24.062556602261925,37.077042709123425
156D,178.37865833206135,369.63609860474384,105.33091670618879,20.403806936827223
166D,81.08216778097427,125.47955778789853,26.559241647249713,37.900320800895955
167D,97.23297900967466,160.6554045952598,26.66042715194489,32.39648852431533
169D,290.6721168105236,1388.4863429557192,392.93130606390537,30.605052886445577
173D,149.6745454164928,407.67164153497964,124.19584134309633,34.713938185819515
179D,92.94926724767498,174.00162414500087,56.72021244934964,12.305442220748185
182D,45.28217190892565,77.84741123042294,16.100875026224557,23.817526614611154
190D,165.31042834577477,344.83826635582216,107.69882334653789,25.486689959865576
191D,77.67170371963566,173.45286373253114,34.477038517124804,18.16733651702895
196D,75.33141713800474,113.62447132105204,22.621892893437582,30.383847921338404
197D,211.90176941101657,1014.3590876230609,307.7834750817499,27.20300462683358
198D,22.854010592044027,74.49636543561861,25.6056808862383,39.13816556041827
1A1F,98.94820635826798,183.85276598971294,33.51342342086409,31.80036983574666
1A1J,78.93829602490071,122.90907579710037,23.48121975260563,32.127379590955854
1A1L,84.84870691790397,118.08017303981318,19.588961558825353,31.46165133373005
1A2E,68.50125221563408,259.72229253123805,66.12973582187092,36.037522587885874
1A35,72.24058166096016,115.68911509336054,18.695540287484533,68.23830360402619
1A6H,307.21956412677304,588.1780057561593,162.8221674432572,23.175494694432857
1A73,196.1937495959947,357.475051881626,105.60337862247312,40.013822008944494
1A8W,406.82340436942206,705.1199519157709,199.50913193776933,20.231177272490726
1A9H,65.52016331729574,110.60115108915393,27.563865356633507,36.66663452761589
1A9J,77.89806629059436,139.92146941549146,32.67570671465613,37.11848690766248
1AC3,250.04243291542525,984.1690693486304,262.7412019957003,34.83812283237874
1AC9,116.82373830863273,232.08887364798971,51.985713951184906,34.11257823894545
1AFF,65.34221637220084,171.90234228178684,49.24256636326957,15.812739015447427
1AFZ,47.948472278118146,70.37415829011383,13.059466661818998,35.52737166733734
1AGH,62.53998724163742,87.27881017112509,13.786535501148457,33.756642916739466
1AGU,46.85222891965551,70.19266917425377,15.152292115307182,37.20126979287829
1AGZ,119.2219089413385,339.26209715927865,76.67856795139083,35.33988975668059
1AHD,94.3768562984294,169.6750744925731,47.14460371638279,42.87709939722632
1AIS,230.31481932665898,687.1506970395802,166.30789557661382,49.62119758900114
1AL9,41.34631158002585,57.880770781400564,9.907323185652167,29.080010585588827
1AM9,65.51130950846778,99.77514467648045,18.086982781363712,38.179709043472485
1ANA,58.00537601272553,102.54420032053285,33.81049935318329,17.92127593526193
1AO1,27.137377171649963,49.05500535754896,11.186460673656581,24.15870988460304
1AOI,26291.448120233523,80807.47460419552,24712.70525703537,98.69036018111579
1AU6,43.341670938571134,90.37867242154628,27.4362483575066,23.3130864518224
1AUL,125.63552159237626,259.5088580125975,66.7773580629497,34.07318095483607
1AX6,63.573020401365106,119.81286903036911,30.6101657260732,32.21423738184987
1AX7,100.0375213839097,265.28951421271694,70.85886771544914,37.93566233665623
1AXL,101.66722717836613,255.36294930181595,57.31252129051009,29.137938213805267
1AXO,66.42628446673376,211.49562119710674,59.37631317306997,46.47500460459133
1AXU,103.19819205062454,329.5384899748403,81.38623834136538,36.38007840070349
1AZ0,142.30166507350947,302.5017115683097,69.08916320516246,31.620201803283056
1AZP,92.41609606484099,282.51569371570804,80.30083915190394,27.46862865298141
1B3P,66.3758132351905,96.02793419752331,23.418945155148123,23.807239811570184
1B5K,118.75961617747673,172.40577110208164,29.327652129629804,29.517786978088385
1B60,243.8909542157535,451.39766086297556,120.84437116742566,27.424133043410507
1B6Y,127.14430267358301,316.2755053367846,82.9419679599323,35.71899362371774
1B72,68.19198110626229,149.5365629564939,30.258470126671003,64.82299538242708
1B8I,54.11397752046315,116.06630916562933,27.05151074594338,54.94424769351391
1B94,141.1595641432423,328.0360026114505,78.50800165808303,31.804037836577777
1B96,140.86985014174283,338.14618007279864,83.09246060330948,31.67620618087375
1BBX,44.41742782456745,98.51469120171586,26.92989104006315,47.8891469420008
1BC7,161.37241238273467,370.12132292207923,81.37911141066267,35.6124576808722
1BDN,73.3226159723281,102.81697844455553,20.657477417507934,38.52515032376611
1BF4,99.16926585038324,320.54817661012737,94.48919437562594,28.35555823397644
1BGB,190.71260417129665,420.8158602679549,103.15168796894655,31.60150327653468
1BHM,73.10220872664895,200.42760241275172,40.77761685757583,37.28205752756809
1BJD,67.04065965339477,95.18736215516785,14.935080725983214,34.51890908914975
1BNA,76.06386471887015,115.5009839840932,23.98698636076253,38.207450772298856
1BNK,63.16601833936407,142.21768338459034,35.869852206311776,42.37049023178434
1BNZ,101.11415982058831,404.27664759424056,118.2261885167252,29.567790695755455
1BPS,156.0635589064015,658.2427126611974,177.8464223224085,31.78549025521079
1BPX,306.9874957377258,719.6846572447629,182.82401403750197,45.076159090398946
1BQJ,5.002783485086722,16.766936196708315,4.670582654595489,25.02039949278958
1BSS,147.9025127786387,287.8516458632757,69.14398232279812,32.18281542588562
1BUT,167.6575652757715,540.7479098279091,149.9356532854379,32.225608604842535
1BX5,76.98356198300826,115.91715706612656,18.792336143369273,32.08320219744535
1BY4,43.64250881052817,106.31088343155399,25.652422332855757,68.32485936982553
1C0Y,88.14733328120785,178.00666465385072,45.93810104885892,37.934946878886585
1C2Q,172.4471019530798,530.1689387096643,155.49612627766643,31.334871612383566
1C7U,59.71903568475066,109.85351842101615,27.154351588454624,70.17493892522045
1C8C,96.02847667483627,319.9997959100464,95.95632658979004,27.942170412635626
1C95,42.28882622960465,108.41528947497775,27.97988933915503,25.794668552926694
1CA5,100.58664488485654,350.4411357222994,103.61172197768882,27.625323675676782
1CDW,373.2953175248442,1067.1724847307173,304.8269753889808,37.76760217468987
1CF7,56.27911989183281,112.56754490923284,26.650759004358157,50.61211677091774
1CGP,117.47486119352607,774.6071870883211,199.52514136236948,39.34383075566187
1CJG,138.8590431728332,279.69054487007185,65.47686699422044,69.92072955207155
1CMA,594.8583449257382,1910.1058991460027,624.9277167988123,36.889189679056564
1CO0,98.01147981312363,283.0167669878073,65.81440964015772,63.88931829733368
1COC,77.04670827289804,233.055078855338,53.06018345533869,43.147787238338864
1CP8,103.06499864272011,205.08862209490565,60.772444419484046,26.236603750172137
1CQO,104.79732241080761,225.24643396262923,58.06733716222212,35.071282247181486
1CQT,1049.2660651498893,3035.8618964266475,986.5076695513103,40.01318571098782
1CR3,42.113071404058445,128.23370587246305,26.164856899966157,45.05365987188108
1CVX,59.22260384511205,90.068499004365,16.069231683506995,31.166984756864338
1CVY,49.81811004981997,80.14282972747947,14.385756478162453,30.40833337868756
1D02,40.06821984374452,61.031684190442476,15.625372221057184,35.49192487251662
1D0E,170.17865741177874,327.481457622559,77.75312142111979,36.20253914322171
1D1U,75.65862331972426,126.41045877024136,32.973420581202916,31.078709567507282
1D24,11.190195817487366,23.481447670889704,5.597763831129761,17.040228817280184
1D27,71.16740731099347,105.90405523026995,20.533129751401695,37.77002213404733
1D28,82.37748276252795,127.46793153622198,25.87679855545045,37.763963641268845
1D29,78.02519547830444,119.7777023496261,23.14106228228059,38.1084759412443
1D2I,79.37394815250707,122.4003851552503,22.13243351846192,50.87948483969312
1D30,75.11626572544839,110.50405418848774,24.850811394404378,38.18211927206414
1D31,80.11292043429805,170.99153659465506,42.97216829549174,40.241994330629545
1D39,11.805245731828435,24.824760690531285,5.853332496830233,16.775549940242662
1D3U,355.5930427349406,1273.6940666212158,283.95735620663237,66.17273952500736
1D3X,180.58251554516366,517.2667437102018,149.50136829177686,26.41265912403731
1D41,12.277787813686146,24.266862267783587,5.8234438430206215,16.582524521724864
1D42,97.65489189816566,207.00811145658636,55.275177018701676,24.518474453620033
1D57,95.89950835217482,161.94250337837357,30.400174645918128,28.347261920720083
1D63,73.4298154813409,113.96481073246382,26.230458113794935,37.60161479492109
1D64,81.64328486480268,107.07515412649353,17.770136669631736,37.959936033811594
1D65,68.13661546623571,100.83648344800174,19.661004372081788,37.20029329432337
1D66,57.36729987610279,116.46583338912478,26.60534653771797,60.871955722665334
1D68,214.0237932711265,435.48634721857786,99.76759001179315,30.139313942098752
1D69,85.29212767449476,123.92031223003244,22.232170396701253,33.39855278369966
1D6D,318.5668332061547,444.20941142323056,107.89697451489064,25.95404572366854
1D75,68.12253274933028,126.48943333401655,31.494602830998197,37.29999713086774
1D77,74.21483881660514,119.42022095494907,25.55745391167166,38.22522766850414
1D80,72.77219154267421,113.42989514943011,23.350104712448154,37.93191757266693
1D81,63.64524360783944,107.67732431278831,20.9135340476854,37.45799976129155
1D83,63.41020589362935,139.855748084344,39.24635659703969,31.050646446862594
1D86,68.49031885610937,100.0536415911953,21.55502113934413,37.77077275507747
1D89,93.629920590487,402.528856635696,113.44592369307789,70.20307504726054
1D90,211.6594131967585,896.7525081725169,263.5954657099605,29.094624864507075
1D98,72.75564591147352,114.53587837251932,24.522829087666544,38.35710926683733
1D9R,68.9562552660326,99.55304884961045,19.99127882420437,32.684797826110064
1DA4,72.59003431848534,115.87588890366696,25.722369760592,40.699325114670806
1DA5,95.38272860361747,159.65404554942324,35.098480458813754,37.377031615113474
1DC0,148.53272095607608,274.37976615835834,55.854254060694004,38.37943042891372
1DDP,45.15292192286569,82.7991215185215,24.50975884794911,30.342882654175526
1DE9,108.91304864703454,183.87740656746016,48.68210454256903,25.186941565178024
1DH3,49.743216563619576,90.11855506172859,18.019735178301065,71.66209790839233
1DIZ,342.0706825946891,1602.4056451516503,411.5982295688095,49.88185273318105
1DJ6,12.151761407062006,22.676829137371563,5.625326961669821,17.198597082509444
1DK6,193.39451078447206,530.9155743314358,170.05283435042966,27.963799627653238
1DL4,45.00821112494102,74.62236076197856,16.420941924163067,36.232060274299045
1DN4,11.055720693406958,21.39610338875246,5.141005596461869,16.513414630562078
1DN6,168.6841780698376,465.83031267883825,156.63909740832005,34.02138214151218
1DNE,78.22522002541047,147.41317290067198,29.92916065792208,37.94091597214715
1DNK,112.54819412262394,326.1796498008582,89.99425169712677,24.51466235424501
1DNM,43.85430696800674,76.1298740093813,16.099529066666665,37.05610769654376
1DOU,79.20925755049383,113.84397908898933,22.73351071340417,38.01395904001541
1DPN,86.21202530139593,121.61481715361369,21.60413622626102,37.76158668155506
1DSA,115.49440690827345,376.6501749807125,95.88932200174366,31.899702988130613
1DSD,26.4617511974101,70.93871694400679,20.768701762770586,27.145469229174896
1DSM,107.38139674789062,217.52734190822383,46.443688094054735,30.54462325223466
1DSZ,47.99971348762218,74.81260307074479,13.118171447089177,47.762048368860306
1DUX,408.04519832426803,1531.7855524465945,481.3498558058228,47.02448946205942
1DVL,104.60401253842673,142.66786389906275,22.450492584319505,29.067353148038826
1EBM,153.16200590690235,473.7186486269281,103.95973181262791,47.130404615417966
1ECR,81.55655919325802,263.1178275567975,60.74093682562575,51.0683647276487
1EDR,78.95528949853967,122.23488689857102,25.97640655097802,38.617086365962074
1EEK,133.32294402549877,319.192140602709,68.50734731082801,33.92075457047234
1EEL,78.9880502858562,107.9030034756782,20.0205699176765,37.70658976541991
1EFA,119.22682212610877,229.89998909560978,51.26744674397526,55.60624596556575
1EFS,164.8781505707906,392.51441908788973,78.44269725398667,42.462413835508656
1EGK,869.3479171258334,2591.7929641802784,585.4211139330246,53.759081819881466
1EJ9,68.81642607896538,98.43045710077084,19.90986555883297,69.63489605198569
1EJZ,162.9153362772611,692.3257598180861,202.16189565278108,26.945408401769726
1EKI,97.80204409889804,238.83286037902533,70.77212082026512,27.205517730432046
1EKW,711.980019782298,1254.6761858109708,427.7732963044675,37.17143647488943
1EMH,137.99407330256744,406.61634966068743,107.76158612670169,31.594361231546443
1EMJ,145.53725991081464,442.80673482602344,120.67538787382252,32.526614326717876
1ENN,91.72102737823836,180.99670033637136,37.479154333187836,26.206344648810248
1EO4,180.90303502773807,431.56649036737787,111.41130092593237,28.669555645087847
1EON,145.20444454258853,349.19594949603567,84.36463843600556,31.676814725624787
1EOP,217.35192396209848,438.185024734276,114.76472932665837,36.113036037941015
1ESS,27.02315605855871,104.18797397480101,28.80322162377435,30.417212656899885
1EU2,25.47039654132522,59.522763103949515,15.058374975816847,18.113786146811155
1EWN,72.49100740725098,156.04553219909803,39.40166038718893,37.14331414747298
1EXL,145.3090027305477,334.25613782916315,75.89603919946983,32.959313986650564
1EYG,1426.8396458018744,5198.815754663543,1664.0369220697658,50.06034493518386
1F0O,61.71424925366401,105.57554523679202,20.889471742418134,41.475760119772445
1F2I,559.1160068249195,2226.750243554069,611.4197566600653,61.377548614058085
1F5T,57.35480072472085,130.32155942238504,32.462383140144176,147.25953088546675
1F66,26440.874916637757,73647.73668011317,23515.06559489128,97.30845068982211
1F6E,49.471714659361695,180.65058532775916,55.11384500725344,40.59495577990826
1F6I,57.9422889850473,142.83180166701194,40.63634657076063,22.074026220074412
1FD5,49.63881255501263,129.34343393028357,38.15210475844446,19.37176677616827
1FDG,60.45725248558614,151.37984911020374,45.452475003110045,18.788321247962966
1FHY,295.5148939865238,1703.748207001259,421.51221216187986,30.893446017144196
